ISO-10303-21;
HEADER;
FILE_DESCRIPTION(('Open CASCADE Model'),'2;1');
FILE_NAME('Open CASCADE Shape Model','2025-12-03T23:16:37',('Author'),(
    'Open CASCADE'),'Open CASCADE STEP processor 7.8','build123d',
  'Unknown');
FILE_SCHEMA(('AUTOMOTIVE_DESIGN { 1 0 10303 214 1 1 1 1 }'));
ENDSEC;
DATA;
#1 = APPLICATION_PROTOCOL_DEFINITION('international standard',
  'automotive_design',2000,#2);
#2 = APPLICATION_CONTEXT(
  'core data for automotive mechanical design processes');
#3 = SHAPE_DEFINITION_REPRESENTATION(#4,#10);
#4 = PRODUCT_DEFINITION_SHAPE('','',#5);
#5 = PRODUCT_DEFINITION('design','',#6,#9);
#6 = PRODUCT_DEFINITION_FORMATION('','',#7);
#7 = PRODUCT('COMPOUND','COMPOUND','',(#8));
#8 = PRODUCT_CONTEXT('',#2,'mechanical');
#9 = PRODUCT_DEFINITION_CONTEXT('part definition',#2,'design');
#10 = SHAPE_REPRESENTATION('',(#11,#15,#112,#209,#306,#403,#500,#597,
    #694,#791,#888,#985,#1082,#1179,#1276,#1373,#1470,#1567,#1664,#1761,
    #1858,#1955,#2052,#2149,#2246,#2343,#2440,#2537,#2634,#2731,#2828,
    #2925,#3022),#3119);
#11 = AXIS2_PLACEMENT_3D('',#12,#13,#14);
#12 = CARTESIAN_POINT('',(0.,0.,0.));
#13 = DIRECTION('',(0.,0.,1.));
#14 = DIRECTION('',(1.,0.,-0.));
#15 = MANIFOLD_SOLID_BREP('',#16);
#16 = CLOSED_SHELL('',(#17,#104,#108));
#17 = ADVANCED_FACE('',(#18),#32,.T.);
#18 = FACE_BOUND('',#19,.T.);
#19 = EDGE_LOOP('',(#20,#49,#76,#77));
#20 = ORIENTED_EDGE('',*,*,#21,.T.);
#21 = EDGE_CURVE('',#22,#24,#26,.T.);
#22 = VERTEX_POINT('',#23);
#23 = CARTESIAN_POINT('',(10.977550639054,26.792506442827,
    -34.00725864808));
#24 = VERTEX_POINT('',#25);
#25 = CARTESIAN_POINT('',(299.87973110046,3.446132268436E-13,
    0.992741351916));
#26 = SEAM_CURVE('',#27,(#31,#42),.PCURVE_S1.);
#27 = LINE('',#28,#29);
#28 = CARTESIAN_POINT('',(10.977550639054,26.792506442827,
    -34.00725864808));
#29 = VECTOR('',#30,1.);
#30 = DIRECTION('',(0.988560611451,-9.167814693932E-02,0.11976241005));
#31 = PCURVE('',#32,#37);
#32 = CYLINDRICAL_SURFACE('',#33,1.);
#33 = AXIS2_PLACEMENT_3D('',#34,#35,#36);
#34 = CARTESIAN_POINT('',(11.097819538588,26.792506442827,-35.));
#35 = DIRECTION('',(0.988560611451,-9.167814693932E-02,0.11976241005));
#36 = DIRECTION('',(-0.120268899534,0.,0.992741351916));
#37 = DEFINITIONAL_REPRESENTATION('',(#38),#41);
#38 = B_SPLINE_CURVE_WITH_KNOTS('',1,(#39,#40),.UNSPECIFIED.,.F.,.F.,(2,
    2),(0.,292.24528786081),.PIECEWISE_BEZIER_KNOTS.);
#39 = CARTESIAN_POINT('',(6.28318530718,0.));
#40 = CARTESIAN_POINT('',(6.28318530718,292.24528786081));
#41 = ( GEOMETRIC_REPRESENTATION_CONTEXT(2)
PARAMETRIC_REPRESENTATION_CONTEXT() REPRESENTATION_CONTEXT('2D SPACE',''
  ) );
#42 = PCURVE('',#32,#43);
#43 = DEFINITIONAL_REPRESENTATION('',(#44),#48);
#44 = LINE('',#45,#46);
#45 = CARTESIAN_POINT('',(0.,0.));
#46 = VECTOR('',#47,1.);
#47 = DIRECTION('',(0.,1.));
#48 = ( GEOMETRIC_REPRESENTATION_CONTEXT(2)
PARAMETRIC_REPRESENTATION_CONTEXT() REPRESENTATION_CONTEXT('2D SPACE',''
  ) );
#49 = ORIENTED_EDGE('',*,*,#50,.F.);
#50 = EDGE_CURVE('',#24,#24,#51,.T.);
#51 = SURFACE_CURVE('',#52,(#57,#64),.PCURVE_S1.);
#52 = CIRCLE('',#53,1.);
#53 = AXIS2_PLACEMENT_3D('',#54,#55,#56);
#54 = CARTESIAN_POINT('',(300.,3.446132268436E-13,1.42108547152E-14));
#55 = DIRECTION('',(0.988560611451,-9.167814693932E-02,0.11976241005));
#56 = DIRECTION('',(-0.120268899534,0.,0.992741351916));
#57 = PCURVE('',#32,#58);
#58 = DEFINITIONAL_REPRESENTATION('',(#59),#63);
#59 = LINE('',#60,#61);
#60 = CARTESIAN_POINT('',(0.,292.24528786081));
#61 = VECTOR('',#62,1.);
#62 = DIRECTION('',(1.,0.));
#63 = ( GEOMETRIC_REPRESENTATION_CONTEXT(2)
PARAMETRIC_REPRESENTATION_CONTEXT() REPRESENTATION_CONTEXT('2D SPACE',''
  ) );
#64 = PCURVE('',#65,#70);
#65 = PLANE('',#66);
#66 = AXIS2_PLACEMENT_3D('',#67,#68,#69);
#67 = CARTESIAN_POINT('',(300.,3.449377428173E-13,1.412309261888E-14));
#68 = DIRECTION('',(0.988560611451,-9.167814693933E-02,0.11976241005));
#69 = DIRECTION('',(-0.120268899534,1.734723475977E-18,0.992741351916));
#70 = DEFINITIONAL_REPRESENTATION('',(#71),#75);
#71 = CIRCLE('',#72,1.);
#72 = AXIS2_PLACEMENT_2D('',#73,#74);
#73 = CARTESIAN_POINT('',(6.763317631219E-15,5.374345865893E-15));
#74 = DIRECTION('',(1.,-1.03042574473E-15));
#75 = ( GEOMETRIC_REPRESENTATION_CONTEXT(2)
PARAMETRIC_REPRESENTATION_CONTEXT() REPRESENTATION_CONTEXT('2D SPACE',''
  ) );
#76 = ORIENTED_EDGE('',*,*,#21,.F.);
#77 = ORIENTED_EDGE('',*,*,#78,.T.);
#78 = EDGE_CURVE('',#22,#22,#79,.T.);
#79 = SURFACE_CURVE('',#80,(#85,#92),.PCURVE_S1.);
#80 = CIRCLE('',#81,1.);
#81 = AXIS2_PLACEMENT_3D('',#82,#83,#84);
#82 = CARTESIAN_POINT('',(11.097819538588,26.792506442827,-35.));
#83 = DIRECTION('',(0.988560611451,-9.167814693932E-02,0.11976241005));
#84 = DIRECTION('',(-0.120268899534,0.,0.992741351916));
#85 = PCURVE('',#32,#86);
#86 = DEFINITIONAL_REPRESENTATION('',(#87),#91);
#87 = LINE('',#88,#89);
#88 = CARTESIAN_POINT('',(0.,0.));
#89 = VECTOR('',#90,1.);
#90 = DIRECTION('',(1.,0.));
#91 = ( GEOMETRIC_REPRESENTATION_CONTEXT(2)
PARAMETRIC_REPRESENTATION_CONTEXT() REPRESENTATION_CONTEXT('2D SPACE',''
  ) );
#92 = PCURVE('',#93,#98);
#93 = PLANE('',#94);
#94 = AXIS2_PLACEMENT_3D('',#95,#96,#97);
#95 = CARTESIAN_POINT('',(11.097819538588,26.792506442827,-35.));
#96 = DIRECTION('',(0.988560611451,-9.167814693932E-02,0.11976241005));
#97 = DIRECTION('',(-0.120268899534,-1.734723475977E-18,0.992741351916)
  );
#98 = DEFINITIONAL_REPRESENTATION('',(#99),#103);
#99 = CIRCLE('',#100,1.);
#100 = AXIS2_PLACEMENT_2D('',#101,#102);
#101 = CARTESIAN_POINT('',(-6.162975822039E-33,-3.537752104157E-15));
#102 = DIRECTION('',(1.,-1.387778780781E-17));
#103 = ( GEOMETRIC_REPRESENTATION_CONTEXT(2)
PARAMETRIC_REPRESENTATION_CONTEXT() REPRESENTATION_CONTEXT('2D SPACE',''
  ) );
#104 = ADVANCED_FACE('',(#105),#93,.F.);
#105 = FACE_BOUND('',#106,.F.);
#106 = EDGE_LOOP('',(#107));
#107 = ORIENTED_EDGE('',*,*,#78,.T.);
#108 = ADVANCED_FACE('',(#109),#65,.T.);
#109 = FACE_BOUND('',#110,.T.);
#110 = EDGE_LOOP('',(#111));
#111 = ORIENTED_EDGE('',*,*,#50,.T.);
#112 = MANIFOLD_SOLID_BREP('',#113);
#113 = CLOSED_SHELL('',(#114,#201,#205));
#114 = ADVANCED_FACE('',(#115),#129,.T.);
#115 = FACE_BOUND('',#116,.T.);
#116 = EDGE_LOOP('',(#117,#146,#173,#174));
#117 = ORIENTED_EDGE('',*,*,#118,.T.);
#118 = EDGE_CURVE('',#119,#121,#123,.T.);
#119 = VERTEX_POINT('',#120);
#120 = CARTESIAN_POINT('',(10.98643517908,27.786283844692,20.));
#121 = VERTEX_POINT('',#122);
#122 = CARTESIAN_POINT('',(294.12419976146,59.520874006703,
    3.730349362741E-13));
#123 = SEAM_CURVE('',#124,(#128,#139),.PCURVE_S1.);
#124 = LINE('',#125,#126);
#125 = CARTESIAN_POINT('',(10.98643517908,27.786283844692,20.));
#126 = VECTOR('',#127,1.);
#127 = DIRECTION('',(0.991337904724,0.111110936278,-7.002512760434E-02)
  );
#128 = PCURVE('',#129,#134);
#129 = CYLINDRICAL_SURFACE('',#130,1.);
#130 = AXIS2_PLACEMENT_3D('',#131,#132,#133);
#131 = CARTESIAN_POINT('',(11.097819538588,26.792506442827,20.));
#132 = DIRECTION('',(0.991337904724,0.111110936278,-7.002512760434E-02)
  );
#133 = DIRECTION('',(-0.111384359508,0.993777401865,2.862293735362E-17)
  );
#134 = DEFINITIONAL_REPRESENTATION('',(#135),#138);
#135 = B_SPLINE_CURVE_WITH_KNOTS('',1,(#136,#137),.UNSPECIFIED.,.F.,.F.,
  (2,2),(0.,285.61176086684),.PIECEWISE_BEZIER_KNOTS.);
#136 = CARTESIAN_POINT('',(6.28318530718,0.));
#137 = CARTESIAN_POINT('',(6.28318530718,285.61176086684));
#138 = ( GEOMETRIC_REPRESENTATION_CONTEXT(2)
PARAMETRIC_REPRESENTATION_CONTEXT() REPRESENTATION_CONTEXT('2D SPACE',''
  ) );
#139 = PCURVE('',#129,#140);
#140 = DEFINITIONAL_REPRESENTATION('',(#141),#145);
#141 = LINE('',#142,#143);
#142 = CARTESIAN_POINT('',(0.,0.));
#143 = VECTOR('',#144,1.);
#144 = DIRECTION('',(0.,1.));
#145 = ( GEOMETRIC_REPRESENTATION_CONTEXT(2)
PARAMETRIC_REPRESENTATION_CONTEXT() REPRESENTATION_CONTEXT('2D SPACE',''
  ) );
#146 = ORIENTED_EDGE('',*,*,#147,.F.);
#147 = EDGE_CURVE('',#121,#121,#148,.T.);
#148 = SURFACE_CURVE('',#149,(#154,#161),.PCURVE_S1.);
#149 = CIRCLE('',#150,1.);
#150 = AXIS2_PLACEMENT_3D('',#151,#152,#153);
#151 = CARTESIAN_POINT('',(294.23558412096,58.527096604839,
    3.730349362741E-13));
#152 = DIRECTION('',(0.991337904724,0.111110936278,-7.002512760434E-02)
  );
#153 = DIRECTION('',(-0.111384359508,0.993777401865,2.775557561563E-17)
  );
#154 = PCURVE('',#129,#155);
#155 = DEFINITIONAL_REPRESENTATION('',(#156),#160);
#156 = LINE('',#157,#158);
#157 = CARTESIAN_POINT('',(0.,285.61176086684));
#158 = VECTOR('',#159,1.);
#159 = DIRECTION('',(1.,0.));
#160 = ( GEOMETRIC_REPRESENTATION_CONTEXT(2)
PARAMETRIC_REPRESENTATION_CONTEXT() REPRESENTATION_CONTEXT('2D SPACE',''
  ) );
#161 = PCURVE('',#162,#167);
#162 = PLANE('',#163);
#163 = AXIS2_PLACEMENT_3D('',#164,#165,#166);
#164 = CARTESIAN_POINT('',(294.23558412096,58.527096604839,
    3.727589665631E-13));
#165 = DIRECTION('',(0.991337904724,0.111110936278,-7.002512760434E-02)
  );
#166 = DIRECTION('',(-0.111384359508,0.993777401865,8.673617379884E-19)
  );
#167 = DEFINITIONAL_REPRESENTATION('',(#168),#172);
#168 = CIRCLE('',#169,1.);
#169 = AXIS2_PLACEMENT_2D('',#170,#171);
#170 = CARTESIAN_POINT('',(-3.232358969694E-33,-3.717508074807E-15));
#171 = DIRECTION('',(1.,9.257775501261E-17));
#172 = ( GEOMETRIC_REPRESENTATION_CONTEXT(2)
PARAMETRIC_REPRESENTATION_CONTEXT() REPRESENTATION_CONTEXT('2D SPACE',''
  ) );
#173 = ORIENTED_EDGE('',*,*,#118,.F.);
#174 = ORIENTED_EDGE('',*,*,#175,.T.);
#175 = EDGE_CURVE('',#119,#119,#176,.T.);
#176 = SURFACE_CURVE('',#177,(#182,#189),.PCURVE_S1.);
#177 = CIRCLE('',#178,1.);
#178 = AXIS2_PLACEMENT_3D('',#179,#180,#181);
#179 = CARTESIAN_POINT('',(11.097819538588,26.792506442827,20.));
#180 = DIRECTION('',(0.991337904724,0.111110936278,-7.002512760434E-02)
  );
#181 = DIRECTION('',(-0.111384359508,0.993777401865,2.775557561563E-17)
  );
#182 = PCURVE('',#129,#183);
#183 = DEFINITIONAL_REPRESENTATION('',(#184),#188);
#184 = LINE('',#185,#186);
#185 = CARTESIAN_POINT('',(0.,0.));
#186 = VECTOR('',#187,1.);
#187 = DIRECTION('',(1.,0.));
#188 = ( GEOMETRIC_REPRESENTATION_CONTEXT(2)
PARAMETRIC_REPRESENTATION_CONTEXT() REPRESENTATION_CONTEXT('2D SPACE',''
  ) );
#189 = PCURVE('',#190,#195);
#190 = PLANE('',#191);
#191 = AXIS2_PLACEMENT_3D('',#192,#193,#194);
#192 = CARTESIAN_POINT('',(11.097819538588,26.792506442827,20.));
#193 = DIRECTION('',(0.991337904724,0.111110936278,-7.002512760434E-02)
  );
#194 = DIRECTION('',(-0.111384359508,0.993777401865,0.));
#195 = DEFINITIONAL_REPRESENTATION('',(#196),#200);
#196 = CIRCLE('',#197,1.);
#197 = AXIS2_PLACEMENT_2D('',#198,#199);
#198 = CARTESIAN_POINT('',(0.,0.));
#199 = DIRECTION('',(1.,1.557631530058E-17));
#200 = ( GEOMETRIC_REPRESENTATION_CONTEXT(2)
PARAMETRIC_REPRESENTATION_CONTEXT() REPRESENTATION_CONTEXT('2D SPACE',''
  ) );
#201 = ADVANCED_FACE('',(#202),#190,.F.);
#202 = FACE_BOUND('',#203,.F.);
#203 = EDGE_LOOP('',(#204));
#204 = ORIENTED_EDGE('',*,*,#175,.T.);
#205 = ADVANCED_FACE('',(#206),#162,.T.);
#206 = FACE_BOUND('',#207,.T.);
#207 = EDGE_LOOP('',(#208));
#208 = ORIENTED_EDGE('',*,*,#147,.T.);
#209 = MANIFOLD_SOLID_BREP('',#210);
#210 = CLOSED_SHELL('',(#211,#298,#302));
#211 = ADVANCED_FACE('',(#212),#226,.T.);
#212 = FACE_BOUND('',#213,.T.);
#213 = EDGE_LOOP('',(#214,#243,#270,#271));
#214 = ORIENTED_EDGE('',*,*,#215,.T.);
#215 = EDGE_CURVE('',#216,#218,#220,.T.);
#216 = VERTEX_POINT('',#217);
#217 = CARTESIAN_POINT('',(20.039734720811,-19.62150265324,-35.));
#218 = VERTEX_POINT('',#219);
#219 = CARTESIAN_POINT('',(276.69749781978,115.68962371068,
    4.263256414561E-14));
#220 = SEAM_CURVE('',#221,(#225,#236),.PCURVE_S1.);
#221 = LINE('',#222,#223);
#222 = CARTESIAN_POINT('',(20.039734720811,-19.62150265324,-35.));
#223 = VECTOR('',#224,1.);
#224 = DIRECTION('',(0.878227207623,0.463005331427,0.11976241005));
#225 = PCURVE('',#226,#231);
#226 = CYLINDRICAL_SURFACE('',#227,1.);
#227 = AXIS2_PLACEMENT_3D('',#228,#229,#230);
#228 = CARTESIAN_POINT('',(20.50609665441,-20.50609665441,-35.));
#229 = DIRECTION('',(0.878227207623,0.463005331427,0.11976241005));
#230 = DIRECTION('',(-0.466361933598,0.884594001161,1.387778780781E-16)
  );
#231 = DEFINITIONAL_REPRESENTATION('',(#232),#235);
#232 = B_SPLINE_CURVE_WITH_KNOTS('',1,(#233,#234),.UNSPECIFIED.,.F.,.F.,
  (2,2),(0.,292.24528786081),.PIECEWISE_BEZIER_KNOTS.);
#233 = CARTESIAN_POINT('',(6.28318530718,0.));
#234 = CARTESIAN_POINT('',(6.28318530718,292.24528786081));
#235 = ( GEOMETRIC_REPRESENTATION_CONTEXT(2)
PARAMETRIC_REPRESENTATION_CONTEXT() REPRESENTATION_CONTEXT('2D SPACE',''
  ) );
#236 = PCURVE('',#226,#237);
#237 = DEFINITIONAL_REPRESENTATION('',(#238),#242);
#238 = LINE('',#239,#240);
#239 = CARTESIAN_POINT('',(0.,0.));
#240 = VECTOR('',#241,1.);
#241 = DIRECTION('',(0.,1.));
#242 = ( GEOMETRIC_REPRESENTATION_CONTEXT(2)
PARAMETRIC_REPRESENTATION_CONTEXT() REPRESENTATION_CONTEXT('2D SPACE',''
  ) );
#243 = ORIENTED_EDGE('',*,*,#244,.F.);
#244 = EDGE_CURVE('',#218,#218,#245,.T.);
#245 = SURFACE_CURVE('',#246,(#251,#258),.PCURVE_S1.);
#246 = CIRCLE('',#247,1.);
#247 = AXIS2_PLACEMENT_3D('',#248,#249,#250);
#248 = CARTESIAN_POINT('',(277.16385975338,114.80502970952,
    4.263256414561E-14));
#249 = DIRECTION('',(0.878227207623,0.463005331427,0.11976241005));
#250 = DIRECTION('',(-0.466361933598,0.884594001161,1.387778780781E-16)
  );
#251 = PCURVE('',#226,#252);
#252 = DEFINITIONAL_REPRESENTATION('',(#253),#257);
#253 = LINE('',#254,#255);
#254 = CARTESIAN_POINT('',(0.,292.24528786081));
#255 = VECTOR('',#256,1.);
#256 = DIRECTION('',(1.,0.));
#257 = ( GEOMETRIC_REPRESENTATION_CONTEXT(2)
PARAMETRIC_REPRESENTATION_CONTEXT() REPRESENTATION_CONTEXT('2D SPACE',''
  ) );
#258 = PCURVE('',#259,#264);
#259 = PLANE('',#260);
#260 = AXIS2_PLACEMENT_3D('',#261,#262,#263);
#261 = CARTESIAN_POINT('',(277.16385975338,114.80502970952,
    4.182955512117E-14));
#262 = DIRECTION('',(0.878227207623,0.463005331427,0.11976241005));
#263 = DIRECTION('',(-0.466361933598,0.884594001161,-6.938893903907E-18)
  );
#264 = DEFINITIONAL_REPRESENTATION('',(#265),#269);
#265 = CIRCLE('',#266,1.);
#266 = AXIS2_PLACEMENT_2D('',#267,#268);
#267 = CARTESIAN_POINT('',(-5.79134300646E-32,8.286133733654E-15));
#268 = DIRECTION('',(1.,-8.266242712496E-16));
#269 = ( GEOMETRIC_REPRESENTATION_CONTEXT(2)
PARAMETRIC_REPRESENTATION_CONTEXT() REPRESENTATION_CONTEXT('2D SPACE',''
  ) );
#270 = ORIENTED_EDGE('',*,*,#215,.F.);
#271 = ORIENTED_EDGE('',*,*,#272,.T.);
#272 = EDGE_CURVE('',#216,#216,#273,.T.);
#273 = SURFACE_CURVE('',#274,(#279,#286),.PCURVE_S1.);
#274 = CIRCLE('',#275,1.);
#275 = AXIS2_PLACEMENT_3D('',#276,#277,#278);
#276 = CARTESIAN_POINT('',(20.50609665441,-20.50609665441,-35.));
#277 = DIRECTION('',(0.878227207623,0.463005331427,0.11976241005));
#278 = DIRECTION('',(-0.466361933598,0.884594001161,1.387778780781E-16)
  );
#279 = PCURVE('',#226,#280);
#280 = DEFINITIONAL_REPRESENTATION('',(#281),#285);
#281 = LINE('',#282,#283);
#282 = CARTESIAN_POINT('',(0.,0.));
#283 = VECTOR('',#284,1.);
#284 = DIRECTION('',(1.,0.));
#285 = ( GEOMETRIC_REPRESENTATION_CONTEXT(2)
PARAMETRIC_REPRESENTATION_CONTEXT() REPRESENTATION_CONTEXT('2D SPACE',''
  ) );
#286 = PCURVE('',#287,#292);
#287 = PLANE('',#288);
#288 = AXIS2_PLACEMENT_3D('',#289,#290,#291);
#289 = CARTESIAN_POINT('',(20.50609665441,-20.50609665441,-35.));
#290 = DIRECTION('',(0.878227207623,0.463005331427,0.11976241005));
#291 = DIRECTION('',(-0.466361933598,0.884594001161,0.));
#292 = DEFINITIONAL_REPRESENTATION('',(#293),#297);
#293 = CIRCLE('',#294,1.);
#294 = AXIS2_PLACEMENT_2D('',#295,#296);
#295 = CARTESIAN_POINT('',(4.799559628877E-15,7.23223665017E-15));
#296 = DIRECTION('',(1.,1.102232284501E-16));
#297 = ( GEOMETRIC_REPRESENTATION_CONTEXT(2)
PARAMETRIC_REPRESENTATION_CONTEXT() REPRESENTATION_CONTEXT('2D SPACE',''
  ) );
#298 = ADVANCED_FACE('',(#299),#287,.F.);
#299 = FACE_BOUND('',#300,.F.);
#300 = EDGE_LOOP('',(#301));
#301 = ORIENTED_EDGE('',*,*,#272,.T.);
#302 = ADVANCED_FACE('',(#303),#259,.T.);
#303 = FACE_BOUND('',#304,.T.);
#304 = EDGE_LOOP('',(#305));
#305 = ORIENTED_EDGE('',*,*,#244,.T.);
#306 = MANIFOLD_SOLID_BREP('',#307);
#307 = CLOSED_SHELL('',(#308,#395,#399));
#308 = ADVANCED_FACE('',(#309),#323,.T.);
#309 = FACE_BOUND('',#310,.T.);
#310 = EDGE_LOOP('',(#311,#340,#367,#368));
#311 = ORIENTED_EDGE('',*,*,#312,.T.);
#312 = EDGE_CURVE('',#313,#315,#317,.T.);
#313 = VERTEX_POINT('',#314);
#314 = CARTESIAN_POINT('',(19.873128543537,-19.73191878685,20.));
#315 = VERTEX_POINT('',#316);
#316 = CARTESIAN_POINT('',(248.80791557989,167.44524777344,
    -2.415845301584E-13));
#317 = SEAM_CURVE('',#318,(#322,#333),.PCURVE_S1.);
#318 = LINE('',#319,#320);
#319 = CARTESIAN_POINT('',(19.873128543537,-19.73191878685,20.));
#320 = VECTOR('',#321,1.);
#321 = DIRECTION('',(0.772413285482,0.631525387914,-6.747889173871E-02)
  );
#322 = PCURVE('',#323,#328);
#323 = CYLINDRICAL_SURFACE('',#324,1.);
#324 = AXIS2_PLACEMENT_3D('',#325,#326,#327);
#325 = CARTESIAN_POINT('',(20.50609665441,-20.50609665441,20.));
#326 = DIRECTION('',(0.772413285482,0.631525387914,-6.747889173871E-02)
  );
#327 = DIRECTION('',(-0.632968110873,0.774177867559,5.551115123126E-17)
  );
#328 = DEFINITIONAL_REPRESENTATION('',(#329),#332);
#329 = B_SPLINE_CURVE_WITH_KNOTS('',1,(#330,#331),.UNSPECIFIED.,.F.,.F.,
  (2,2),(0.,296.38898157137),.PIECEWISE_BEZIER_KNOTS.);
#330 = CARTESIAN_POINT('',(6.28318530718,0.));
#331 = CARTESIAN_POINT('',(6.28318530718,296.38898157137));
#332 = ( GEOMETRIC_REPRESENTATION_CONTEXT(2)
PARAMETRIC_REPRESENTATION_CONTEXT() REPRESENTATION_CONTEXT('2D SPACE',''
  ) );
#333 = PCURVE('',#323,#334);
#334 = DEFINITIONAL_REPRESENTATION('',(#335),#339);
#335 = LINE('',#336,#337);
#336 = CARTESIAN_POINT('',(0.,0.));
#337 = VECTOR('',#338,1.);
#338 = DIRECTION('',(0.,1.));
#339 = ( GEOMETRIC_REPRESENTATION_CONTEXT(2)
PARAMETRIC_REPRESENTATION_CONTEXT() REPRESENTATION_CONTEXT('2D SPACE',''
  ) );
#340 = ORIENTED_EDGE('',*,*,#341,.F.);
#341 = EDGE_CURVE('',#315,#315,#342,.T.);
#342 = SURFACE_CURVE('',#343,(#348,#355),.PCURVE_S1.);
#343 = CIRCLE('',#344,1.);
#344 = AXIS2_PLACEMENT_3D('',#345,#346,#347);
#345 = CARTESIAN_POINT('',(249.44088369076,166.67106990588,
    -2.415845301584E-13));
#346 = DIRECTION('',(0.772413285482,0.631525387914,-6.747889173871E-02)
  );
#347 = DIRECTION('',(-0.632968110873,0.774177867559,5.551115123126E-17)
  );
#348 = PCURVE('',#323,#349);
#349 = DEFINITIONAL_REPRESENTATION('',(#350),#354);
#350 = LINE('',#351,#352);
#351 = CARTESIAN_POINT('',(0.,296.38898157137));
#352 = VECTOR('',#353,1.);
#353 = DIRECTION('',(1.,0.));
#354 = ( GEOMETRIC_REPRESENTATION_CONTEXT(2)
PARAMETRIC_REPRESENTATION_CONTEXT() REPRESENTATION_CONTEXT('2D SPACE',''
  ) );
#355 = PCURVE('',#356,#361);
#356 = PLANE('',#357);
#357 = AXIS2_PLACEMENT_3D('',#358,#359,#360);
#358 = CARTESIAN_POINT('',(249.44088369076,166.67106990588,
    -2.408819394585E-13));
#359 = DIRECTION('',(0.772413285482,0.631525387914,-6.747889173872E-02)
  );
#360 = DIRECTION('',(-0.632968110873,0.774177867559,0.));
#361 = DEFINITIONAL_REPRESENTATION('',(#362),#366);
#362 = CIRCLE('',#363,1.);
#363 = AXIS2_PLACEMENT_2D('',#364,#365);
#364 = CARTESIAN_POINT('',(0.,7.802108377578E-16));
#365 = DIRECTION('',(1.,-6.919914935387E-17));
#366 = ( GEOMETRIC_REPRESENTATION_CONTEXT(2)
PARAMETRIC_REPRESENTATION_CONTEXT() REPRESENTATION_CONTEXT('2D SPACE',''
  ) );
#367 = ORIENTED_EDGE('',*,*,#312,.F.);
#368 = ORIENTED_EDGE('',*,*,#369,.T.);
#369 = EDGE_CURVE('',#313,#313,#370,.T.);
#370 = SURFACE_CURVE('',#371,(#376,#383),.PCURVE_S1.);
#371 = CIRCLE('',#372,1.);
#372 = AXIS2_PLACEMENT_3D('',#373,#374,#375);
#373 = CARTESIAN_POINT('',(20.50609665441,-20.50609665441,20.));
#374 = DIRECTION('',(0.772413285482,0.631525387914,-6.747889173871E-02)
  );
#375 = DIRECTION('',(-0.632968110873,0.774177867559,5.551115123126E-17)
  );
#376 = PCURVE('',#323,#377);
#377 = DEFINITIONAL_REPRESENTATION('',(#378),#382);
#378 = LINE('',#379,#380);
#379 = CARTESIAN_POINT('',(0.,0.));
#380 = VECTOR('',#381,1.);
#381 = DIRECTION('',(1.,0.));
#382 = ( GEOMETRIC_REPRESENTATION_CONTEXT(2)
PARAMETRIC_REPRESENTATION_CONTEXT() REPRESENTATION_CONTEXT('2D SPACE',''
  ) );
#383 = PCURVE('',#384,#389);
#384 = PLANE('',#385);
#385 = AXIS2_PLACEMENT_3D('',#386,#387,#388);
#386 = CARTESIAN_POINT('',(20.50609665441,-20.50609665441,20.));
#387 = DIRECTION('',(0.772413285482,0.631525387914,-6.747889173871E-02)
  );
#388 = DIRECTION('',(-0.632968110873,0.774177867559,0.));
#389 = DEFINITIONAL_REPRESENTATION('',(#390),#394);
#390 = CIRCLE('',#391,1.);
#391 = AXIS2_PLACEMENT_2D('',#392,#393);
#392 = CARTESIAN_POINT('',(2.750432299902E-15,1.517434591407E-16));
#393 = DIRECTION('',(1.,4.155428438794E-17));
#394 = ( GEOMETRIC_REPRESENTATION_CONTEXT(2)
PARAMETRIC_REPRESENTATION_CONTEXT() REPRESENTATION_CONTEXT('2D SPACE',''
  ) );
#395 = ADVANCED_FACE('',(#396),#384,.F.);
#396 = FACE_BOUND('',#397,.F.);
#397 = EDGE_LOOP('',(#398));
#398 = ORIENTED_EDGE('',*,*,#369,.T.);
#399 = ADVANCED_FACE('',(#400),#356,.T.);
#400 = FACE_BOUND('',#401,.T.);
#401 = EDGE_LOOP('',(#402));
#402 = ORIENTED_EDGE('',*,*,#341,.T.);
#403 = MANIFOLD_SOLID_BREP('',#404);
#404 = CLOSED_SHELL('',(#405,#492,#496));
#405 = ADVANCED_FACE('',(#406),#420,.T.);
#406 = FACE_BOUND('',#407,.T.);
#407 = EDGE_LOOP('',(#408,#437,#464,#465));
#408 = ORIENTED_EDGE('',*,*,#409,.T.);
#409 = EDGE_CURVE('',#410,#412,#414,.T.);
#410 = VERTEX_POINT('',#411);
#411 = CARTESIAN_POINT('',(-11.73660884536,27.561888156635,-35.));
#412 = VERTEX_POINT('',#413);
#413 = CARTESIAN_POINT('',(211.49324504918,212.90141606977,0.));
#414 = SEAM_CURVE('',#415,(#419,#430),.PCURVE_S1.);
#415 = LINE('',#416,#417);
#416 = CARTESIAN_POINT('',(-11.73660884536,27.561888156635,-35.));
#417 = VECTOR('',#418,1.);
#418 = DIRECTION('',(0.763844151358,0.634191672584,0.11976241005));
#419 = PCURVE('',#420,#425);
#420 = CYLINDRICAL_SURFACE('',#421,1.);
#421 = AXIS2_PLACEMENT_3D('',#422,#423,#424);
#422 = CARTESIAN_POINT('',(-11.09781953858,26.792506442827,-35.));
#423 = DIRECTION('',(0.763844151358,0.634191672584,0.11976241005));
#424 = DIRECTION('',(-0.638789306781,0.769381713808,-1.387778780781E-16)
  );
#425 = DEFINITIONAL_REPRESENTATION('',(#426),#429);
#426 = B_SPLINE_CURVE_WITH_KNOTS('',1,(#427,#428),.UNSPECIFIED.,.F.,.F.,
  (2,2),(0.,292.24528786081),.PIECEWISE_BEZIER_KNOTS.);
#427 = CARTESIAN_POINT('',(6.28318530718,0.));
#428 = CARTESIAN_POINT('',(6.28318530718,292.24528786081));
#429 = ( GEOMETRIC_REPRESENTATION_CONTEXT(2)
PARAMETRIC_REPRESENTATION_CONTEXT() REPRESENTATION_CONTEXT('2D SPACE',''
  ) );
#430 = PCURVE('',#420,#431);
#431 = DEFINITIONAL_REPRESENTATION('',(#432),#436);
#432 = LINE('',#433,#434);
#433 = CARTESIAN_POINT('',(0.,0.));
#434 = VECTOR('',#435,1.);
#435 = DIRECTION('',(0.,1.));
#436 = ( GEOMETRIC_REPRESENTATION_CONTEXT(2)
PARAMETRIC_REPRESENTATION_CONTEXT() REPRESENTATION_CONTEXT('2D SPACE',''
  ) );
#437 = ORIENTED_EDGE('',*,*,#438,.F.);
#438 = EDGE_CURVE('',#412,#412,#439,.T.);
#439 = SURFACE_CURVE('',#440,(#445,#452),.PCURVE_S1.);
#440 = CIRCLE('',#441,1.);
#441 = AXIS2_PLACEMENT_3D('',#442,#443,#444);
#442 = CARTESIAN_POINT('',(212.13203435596,212.13203435596,0.));
#443 = DIRECTION('',(0.763844151358,0.634191672584,0.11976241005));
#444 = DIRECTION('',(-0.638789306781,0.769381713808,-1.179611963664E-16)
  );
#445 = PCURVE('',#420,#446);
#446 = DEFINITIONAL_REPRESENTATION('',(#447),#451);
#447 = LINE('',#448,#449);
#448 = CARTESIAN_POINT('',(0.,292.24528786081));
#449 = VECTOR('',#450,1.);
#450 = DIRECTION('',(1.,0.));
#451 = ( GEOMETRIC_REPRESENTATION_CONTEXT(2)
PARAMETRIC_REPRESENTATION_CONTEXT() REPRESENTATION_CONTEXT('2D SPACE',''
  ) );
#452 = PCURVE('',#453,#458);
#453 = PLANE('',#454);
#454 = AXIS2_PLACEMENT_3D('',#455,#456,#457);
#455 = CARTESIAN_POINT('',(212.13203435596,212.13203435596,
    8.799271416201E-16));
#456 = DIRECTION('',(0.763844151358,0.634191672584,0.11976241005));
#457 = DIRECTION('',(-0.638789306781,0.769381713808,0.));
#458 = DEFINITIONAL_REPRESENTATION('',(#459),#463);
#459 = CIRCLE('',#460,1.);
#460 = AXIS2_PLACEMENT_2D('',#461,#462);
#461 = CARTESIAN_POINT('',(0.,-5.585521158547E-15));
#462 = DIRECTION('',(1.,2.204464569001E-16));
#463 = ( GEOMETRIC_REPRESENTATION_CONTEXT(2)
PARAMETRIC_REPRESENTATION_CONTEXT() REPRESENTATION_CONTEXT('2D SPACE',''
  ) );
#464 = ORIENTED_EDGE('',*,*,#409,.F.);
#465 = ORIENTED_EDGE('',*,*,#466,.T.);
#466 = EDGE_CURVE('',#410,#410,#467,.T.);
#467 = SURFACE_CURVE('',#468,(#473,#480),.PCURVE_S1.);
#468 = CIRCLE('',#469,1.);
#469 = AXIS2_PLACEMENT_3D('',#470,#471,#472);
#470 = CARTESIAN_POINT('',(-11.09781953858,26.792506442827,-35.));
#471 = DIRECTION('',(0.763844151358,0.634191672584,0.11976241005));
#472 = DIRECTION('',(-0.638789306781,0.769381713808,-1.179611963664E-16)
  );
#473 = PCURVE('',#420,#474);
#474 = DEFINITIONAL_REPRESENTATION('',(#475),#479);
#475 = LINE('',#476,#477);
#476 = CARTESIAN_POINT('',(0.,0.));
#477 = VECTOR('',#478,1.);
#478 = DIRECTION('',(1.,0.));
#479 = ( GEOMETRIC_REPRESENTATION_CONTEXT(2)
PARAMETRIC_REPRESENTATION_CONTEXT() REPRESENTATION_CONTEXT('2D SPACE',''
  ) );
#480 = PCURVE('',#481,#486);
#481 = PLANE('',#482);
#482 = AXIS2_PLACEMENT_3D('',#483,#484,#485);
#483 = CARTESIAN_POINT('',(-11.09781953858,26.792506442827,-35.));
#484 = DIRECTION('',(0.763844151358,0.634191672584,0.11976241005));
#485 = DIRECTION('',(-0.638789306781,0.769381713808,0.));
#486 = DEFINITIONAL_REPRESENTATION('',(#487),#491);
#487 = CIRCLE('',#488,1.);
#488 = AXIS2_PLACEMENT_2D('',#489,#490);
#489 = CARTESIAN_POINT('',(0.,-7.054286620803E-15));
#490 = DIRECTION('',(1.,-2.27385350804E-16));
#491 = ( GEOMETRIC_REPRESENTATION_CONTEXT(2)
PARAMETRIC_REPRESENTATION_CONTEXT() REPRESENTATION_CONTEXT('2D SPACE',''
  ) );
#492 = ADVANCED_FACE('',(#493),#481,.F.);
#493 = FACE_BOUND('',#494,.F.);
#494 = EDGE_LOOP('',(#495));
#495 = ORIENTED_EDGE('',*,*,#466,.T.);
#496 = ADVANCED_FACE('',(#497),#453,.T.);
#497 = FACE_BOUND('',#498,.T.);
#498 = EDGE_LOOP('',(#499));
#499 = ORIENTED_EDGE('',*,*,#438,.T.);
#500 = MANIFOLD_SOLID_BREP('',#501);
#501 = CLOSED_SHELL('',(#502,#589,#593));
#502 = ADVANCED_FACE('',(#503),#517,.T.);
#503 = FACE_BOUND('',#504,.T.);
#504 = EDGE_LOOP('',(#505,#534,#561,#562));
#505 = ORIENTED_EDGE('',*,*,#506,.T.);
#506 = EDGE_CURVE('',#507,#509,#511,.T.);
#507 = VERTEX_POINT('',#508);
#508 = CARTESIAN_POINT('',(-10.31635216281,26.168560338905,20.));
#509 = VERTEX_POINT('',#510);
#510 = CARTESIAN_POINT('',(167.45253728165,248.81693758684,
    3.801403636317E-13));
#511 = SEAM_CURVE('',#512,(#516,#527),.PCURVE_S1.);
#512 = LINE('',#513,#514);
#513 = CARTESIAN_POINT('',(-10.31635216281,26.168560338905,20.));
#514 = VECTOR('',#515,1.);
#515 = DIRECTION('',(0.622414458372,0.779549051384,-7.002512760434E-02)
  );
#516 = PCURVE('',#517,#522);
#517 = CYLINDRICAL_SURFACE('',#518,1.);
#518 = AXIS2_PLACEMENT_3D('',#519,#520,#521);
#519 = CARTESIAN_POINT('',(-11.09781953858,26.792506442827,20.));
#520 = DIRECTION('',(0.622414458372,0.779549051384,-7.002512760434E-02)
  );
#521 = DIRECTION('',(0.781467375775,-0.623946103923,-3.469446951954E-17)
  );
#522 = DEFINITIONAL_REPRESENTATION('',(#523),#526);
#523 = B_SPLINE_CURVE_WITH_KNOTS('',1,(#524,#525),.UNSPECIFIED.,.F.,.F.,
  (2,2),(0.,285.61176086684),.PIECEWISE_BEZIER_KNOTS.);
#524 = CARTESIAN_POINT('',(6.28318530718,0.));
#525 = CARTESIAN_POINT('',(6.28318530718,285.61176086684));
#526 = ( GEOMETRIC_REPRESENTATION_CONTEXT(2)
PARAMETRIC_REPRESENTATION_CONTEXT() REPRESENTATION_CONTEXT('2D SPACE',''
  ) );
#527 = PCURVE('',#517,#528);
#528 = DEFINITIONAL_REPRESENTATION('',(#529),#533);
#529 = LINE('',#530,#531);
#530 = CARTESIAN_POINT('',(0.,0.));
#531 = VECTOR('',#532,1.);
#532 = DIRECTION('',(0.,1.));
#533 = ( GEOMETRIC_REPRESENTATION_CONTEXT(2)
PARAMETRIC_REPRESENTATION_CONTEXT() REPRESENTATION_CONTEXT('2D SPACE',''
  ) );
#534 = ORIENTED_EDGE('',*,*,#535,.F.);
#535 = EDGE_CURVE('',#509,#509,#536,.T.);
#536 = SURFACE_CURVE('',#537,(#542,#549),.PCURVE_S1.);
#537 = CIRCLE('',#538,1.);
#538 = AXIS2_PLACEMENT_3D('',#539,#540,#541);
#539 = CARTESIAN_POINT('',(166.67106990588,249.44088369076,
    3.801403636317E-13));
#540 = DIRECTION('',(0.622414458372,0.779549051384,-7.002512760434E-02)
  );
#541 = DIRECTION('',(0.781467375775,-0.623946103923,-4.857225732735E-17)
  );
#542 = PCURVE('',#517,#543);
#543 = DEFINITIONAL_REPRESENTATION('',(#544),#548);
#544 = LINE('',#545,#546);
#545 = CARTESIAN_POINT('',(0.,285.61176086684));
#546 = VECTOR('',#547,1.);
#547 = DIRECTION('',(1.,0.));
#548 = ( GEOMETRIC_REPRESENTATION_CONTEXT(2)
PARAMETRIC_REPRESENTATION_CONTEXT() REPRESENTATION_CONTEXT('2D SPACE',''
  ) );
#549 = PCURVE('',#550,#555);
#550 = PLANE('',#551);
#551 = AXIS2_PLACEMENT_3D('',#552,#553,#554);
#552 = CARTESIAN_POINT('',(166.67106990588,249.44088369076,
    3.808063940138E-13));
#553 = DIRECTION('',(0.622414458372,0.779549051384,-7.002512760432E-02)
  );
#554 = DIRECTION('',(0.781467375775,-0.623946103923,6.938893903907E-18)
  );
#555 = DEFINITIONAL_REPRESENTATION('',(#556),#560);
#556 = CIRCLE('',#557,1.);
#557 = AXIS2_PLACEMENT_2D('',#558,#559);
#558 = CARTESIAN_POINT('',(-1.536444155042E-32,2.208813905885E-15));
#559 = DIRECTION('',(1.,-2.145436086936E-16));
#560 = ( GEOMETRIC_REPRESENTATION_CONTEXT(2)
PARAMETRIC_REPRESENTATION_CONTEXT() REPRESENTATION_CONTEXT('2D SPACE',''
  ) );
#561 = ORIENTED_EDGE('',*,*,#506,.F.);
#562 = ORIENTED_EDGE('',*,*,#563,.T.);
#563 = EDGE_CURVE('',#507,#507,#564,.T.);
#564 = SURFACE_CURVE('',#565,(#570,#577),.PCURVE_S1.);
#565 = CIRCLE('',#566,1.);
#566 = AXIS2_PLACEMENT_3D('',#567,#568,#569);
#567 = CARTESIAN_POINT('',(-11.09781953858,26.792506442827,20.));
#568 = DIRECTION('',(0.622414458372,0.779549051384,-7.002512760434E-02)
  );
#569 = DIRECTION('',(0.781467375775,-0.623946103923,-4.857225732735E-17)
  );
#570 = PCURVE('',#517,#571);
#571 = DEFINITIONAL_REPRESENTATION('',(#572),#576);
#572 = LINE('',#573,#574);
#573 = CARTESIAN_POINT('',(0.,0.));
#574 = VECTOR('',#575,1.);
#575 = DIRECTION('',(1.,0.));
#576 = ( GEOMETRIC_REPRESENTATION_CONTEXT(2)
PARAMETRIC_REPRESENTATION_CONTEXT() REPRESENTATION_CONTEXT('2D SPACE',''
  ) );
#577 = PCURVE('',#578,#583);
#578 = PLANE('',#579);
#579 = AXIS2_PLACEMENT_3D('',#580,#581,#582);
#580 = CARTESIAN_POINT('',(-11.09781953858,26.792506442827,20.));
#581 = DIRECTION('',(0.622414458372,0.779549051384,-7.002512760434E-02)
  );
#582 = DIRECTION('',(0.781467375775,-0.623946103923,0.));
#583 = DEFINITIONAL_REPRESENTATION('',(#584),#588);
#584 = CIRCLE('',#585,1.);
#585 = AXIS2_PLACEMENT_2D('',#586,#587);
#586 = CARTESIAN_POINT('',(-4.99303169369E-15,-3.583180596538E-15));
#587 = DIRECTION('',(1.,6.904827096181E-18));
#588 = ( GEOMETRIC_REPRESENTATION_CONTEXT(2)
PARAMETRIC_REPRESENTATION_CONTEXT() REPRESENTATION_CONTEXT('2D SPACE',''
  ) );
#589 = ADVANCED_FACE('',(#590),#578,.F.);
#590 = FACE_BOUND('',#591,.F.);
#591 = EDGE_LOOP('',(#592));
#592 = ORIENTED_EDGE('',*,*,#563,.T.);
#593 = ADVANCED_FACE('',(#594),#550,.T.);
#594 = FACE_BOUND('',#595,.T.);
#595 = EDGE_LOOP('',(#596));
#596 = ORIENTED_EDGE('',*,*,#535,.T.);
#597 = MANIFOLD_SOLID_BREP('',#598);
#598 = CLOSED_SHELL('',(#599,#686,#690));
#599 = ADVANCED_FACE('',(#600),#614,.T.);
#600 = FACE_BOUND('',#601,.T.);
#601 = EDGE_LOOP('',(#602,#631,#658,#659));
#602 = ORIENTED_EDGE('',*,*,#603,.T.);
#603 = EDGE_CURVE('',#604,#606,#608,.T.);
#604 = VERTEX_POINT('',#605);
#605 = CARTESIAN_POINT('',(29.955270102553,-0.295734731083,-35.));
#606 = VERTEX_POINT('',#607);
#607 = CARTESIAN_POINT('',(115.76029981208,276.8681250223,
    2.13162820728E-14));
#608 = SEAM_CURVE('',#609,(#613,#624),.PCURVE_S1.);
#609 = LINE('',#610,#611);
#610 = CARTESIAN_POINT('',(29.955270102553,-0.295734731083,-35.));
#611 = VECTOR('',#612,1.);
#612 = DIRECTION('',(0.293606204355,0.94839462351,0.11976241005));
#613 = PCURVE('',#614,#619);
#614 = CYLINDRICAL_SURFACE('',#615,1.);
#615 = AXIS2_PLACEMENT_3D('',#616,#617,#618);
#616 = CARTESIAN_POINT('',(29.,0.,-35.));
#617 = DIRECTION('',(0.293606204355,0.94839462351,0.11976241005));
#618 = DIRECTION('',(0.955270102553,-0.295734731083,2.775557561563E-17)
  );
#619 = DEFINITIONAL_REPRESENTATION('',(#620),#623);
#620 = B_SPLINE_CURVE_WITH_KNOTS('',1,(#621,#622),.UNSPECIFIED.,.F.,.F.,
  (2,2),(0.,292.24528786081),.PIECEWISE_BEZIER_KNOTS.);
#621 = CARTESIAN_POINT('',(6.28318530718,0.));
#622 = CARTESIAN_POINT('',(6.28318530718,292.24528786081));
#623 = ( GEOMETRIC_REPRESENTATION_CONTEXT(2)
PARAMETRIC_REPRESENTATION_CONTEXT() REPRESENTATION_CONTEXT('2D SPACE',''
  ) );
#624 = PCURVE('',#614,#625);
#625 = DEFINITIONAL_REPRESENTATION('',(#626),#630);
#626 = LINE('',#627,#628);
#627 = CARTESIAN_POINT('',(0.,0.));
#628 = VECTOR('',#629,1.);
#629 = DIRECTION('',(0.,1.));
#630 = ( GEOMETRIC_REPRESENTATION_CONTEXT(2)
PARAMETRIC_REPRESENTATION_CONTEXT() REPRESENTATION_CONTEXT('2D SPACE',''
  ) );
#631 = ORIENTED_EDGE('',*,*,#632,.F.);
#632 = EDGE_CURVE('',#606,#606,#633,.T.);
#633 = SURFACE_CURVE('',#634,(#639,#646),.PCURVE_S1.);
#634 = CIRCLE('',#635,1.);
#635 = AXIS2_PLACEMENT_3D('',#636,#637,#638);
#636 = CARTESIAN_POINT('',(114.80502970952,277.16385975338,
    2.13162820728E-14));
#637 = DIRECTION('',(0.293606204355,0.94839462351,0.11976241005));
#638 = DIRECTION('',(0.955270102553,-0.295734731083,4.163336342344E-17)
  );
#639 = PCURVE('',#614,#640);
#640 = DEFINITIONAL_REPRESENTATION('',(#641),#645);
#641 = LINE('',#642,#643);
#642 = CARTESIAN_POINT('',(0.,292.24528786081));
#643 = VECTOR('',#644,1.);
#644 = DIRECTION('',(1.,0.));
#645 = ( GEOMETRIC_REPRESENTATION_CONTEXT(2)
PARAMETRIC_REPRESENTATION_CONTEXT() REPRESENTATION_CONTEXT('2D SPACE',''
  ) );
#646 = PCURVE('',#647,#652);
#647 = PLANE('',#648);
#648 = AXIS2_PLACEMENT_3D('',#649,#650,#651);
#649 = CARTESIAN_POINT('',(114.80502970952,277.16385975338,
    2.193242459967E-14));
#650 = DIRECTION('',(0.293606204355,0.94839462351,0.11976241005));
#651 = DIRECTION('',(0.955270102553,-0.295734731083,0.));
#652 = DEFINITIONAL_REPRESENTATION('',(#653),#657);
#653 = CIRCLE('',#654,1.);
#654 = AXIS2_PLACEMENT_2D('',#655,#656);
#655 = CARTESIAN_POINT('',(-1.357520464115E-14,-3.964841188807E-16));
#656 = DIRECTION('',(1.,1.832610999359E-15));
#657 = ( GEOMETRIC_REPRESENTATION_CONTEXT(2)
PARAMETRIC_REPRESENTATION_CONTEXT() REPRESENTATION_CONTEXT('2D SPACE',''
  ) );
#658 = ORIENTED_EDGE('',*,*,#603,.F.);
#659 = ORIENTED_EDGE('',*,*,#660,.T.);
#660 = EDGE_CURVE('',#604,#604,#661,.T.);
#661 = SURFACE_CURVE('',#662,(#667,#674),.PCURVE_S1.);
#662 = CIRCLE('',#663,1.);
#663 = AXIS2_PLACEMENT_3D('',#664,#665,#666);
#664 = CARTESIAN_POINT('',(29.,0.,-35.));
#665 = DIRECTION('',(0.293606204355,0.94839462351,0.11976241005));
#666 = DIRECTION('',(0.955270102553,-0.295734731083,4.163336342344E-17)
  );
#667 = PCURVE('',#614,#668);
#668 = DEFINITIONAL_REPRESENTATION('',(#669),#673);
#669 = LINE('',#670,#671);
#670 = CARTESIAN_POINT('',(0.,0.));
#671 = VECTOR('',#672,1.);
#672 = DIRECTION('',(1.,0.));
#673 = ( GEOMETRIC_REPRESENTATION_CONTEXT(2)
PARAMETRIC_REPRESENTATION_CONTEXT() REPRESENTATION_CONTEXT('2D SPACE',''
  ) );
#674 = PCURVE('',#675,#680);
#675 = PLANE('',#676);
#676 = AXIS2_PLACEMENT_3D('',#677,#678,#679);
#677 = CARTESIAN_POINT('',(29.,-1.38880638461E-16,-35.));
#678 = DIRECTION('',(0.293606204355,0.94839462351,0.11976241005));
#679 = DIRECTION('',(0.955270102553,-0.295734731083,0.));
#680 = DEFINITIONAL_REPRESENTATION('',(#681),#685);
#681 = CIRCLE('',#682,1.);
#682 = AXIS2_PLACEMENT_2D('',#683,#684);
#683 = CARTESIAN_POINT('',(-4.129675324664E-18,1.597571448672E-18));
#684 = DIRECTION('',(1.,-5.51615563508E-17));
#685 = ( GEOMETRIC_REPRESENTATION_CONTEXT(2)
PARAMETRIC_REPRESENTATION_CONTEXT() REPRESENTATION_CONTEXT('2D SPACE',''
  ) );
#686 = ADVANCED_FACE('',(#687),#675,.F.);
#687 = FACE_BOUND('',#688,.F.);
#688 = EDGE_LOOP('',(#689));
#689 = ORIENTED_EDGE('',*,*,#660,.T.);
#690 = ADVANCED_FACE('',(#691),#647,.T.);
#691 = FACE_BOUND('',#692,.T.);
#692 = EDGE_LOOP('',(#693));
#693 = ORIENTED_EDGE('',*,*,#632,.T.);
#694 = MANIFOLD_SOLID_BREP('',#695);
#695 = CLOSED_SHELL('',(#696,#783,#787));
#696 = ADVANCED_FACE('',(#697),#711,.T.);
#697 = FACE_BOUND('',#698,.T.);
#698 = EDGE_LOOP('',(#699,#728,#755,#756));
#699 = ORIENTED_EDGE('',*,*,#700,.T.);
#700 = EDGE_CURVE('',#701,#703,#705,.T.);
#701 = VERTEX_POINT('',#702);
#702 = CARTESIAN_POINT('',(29.995002463468,-9.98503765228E-02,20.));
#703 = VERTEX_POINT('',#704);
#704 = CARTESIAN_POINT('',(59.522099068307,294.13573374444,
    -2.6645352591E-13));
#705 = SEAM_CURVE('',#706,(#710,#721),.PCURVE_S1.);
#706 = LINE('',#707,#708);
#707 = CARTESIAN_POINT('',(29.995002463468,-9.98503765228E-02,20.));
#708 = VECTOR('',#709,1.);
#709 = DIRECTION('',(9.962278775781E-02,0.992734556329,
    -6.747889173871E-02));
#710 = PCURVE('',#711,#716);
#711 = CYLINDRICAL_SURFACE('',#712,1.);
#712 = AXIS2_PLACEMENT_3D('',#713,#714,#715);
#713 = CARTESIAN_POINT('',(29.,0.,20.));
#714 = DIRECTION('',(9.962278775781E-02,0.992734556329,
    -6.747889173871E-02));
#715 = DIRECTION('',(0.995002463468,-9.98503765228E-02,5.98479599212E-17
    ));
#716 = DEFINITIONAL_REPRESENTATION('',(#717),#720);
#717 = B_SPLINE_CURVE_WITH_KNOTS('',1,(#718,#719),.UNSPECIFIED.,.F.,.F.,
  (2,2),(0.,296.38898157137),.PIECEWISE_BEZIER_KNOTS.);
#718 = CARTESIAN_POINT('',(6.28318530718,0.));
#719 = CARTESIAN_POINT('',(6.28318530718,296.38898157137));
#720 = ( GEOMETRIC_REPRESENTATION_CONTEXT(2)
PARAMETRIC_REPRESENTATION_CONTEXT() REPRESENTATION_CONTEXT('2D SPACE',''
  ) );
#721 = PCURVE('',#711,#722);
#722 = DEFINITIONAL_REPRESENTATION('',(#723),#727);
#723 = LINE('',#724,#725);
#724 = CARTESIAN_POINT('',(0.,0.));
#725 = VECTOR('',#726,1.);
#726 = DIRECTION('',(0.,1.));
#727 = ( GEOMETRIC_REPRESENTATION_CONTEXT(2)
PARAMETRIC_REPRESENTATION_CONTEXT() REPRESENTATION_CONTEXT('2D SPACE',''
  ) );
#728 = ORIENTED_EDGE('',*,*,#729,.F.);
#729 = EDGE_CURVE('',#703,#703,#730,.T.);
#730 = SURFACE_CURVE('',#731,(#736,#743),.PCURVE_S1.);
#731 = CIRCLE('',#732,1.);
#732 = AXIS2_PLACEMENT_3D('',#733,#734,#735);
#733 = CARTESIAN_POINT('',(58.527096604839,294.23558412096,
    -2.6645352591E-13));
#734 = DIRECTION('',(9.962278775781E-02,0.992734556329,
    -6.747889173871E-02));
#735 = DIRECTION('',(0.995002463468,-9.98503765228E-02,
    5.811323644522E-17));
#736 = PCURVE('',#711,#737);
#737 = DEFINITIONAL_REPRESENTATION('',(#738),#742);
#738 = LINE('',#739,#740);
#739 = CARTESIAN_POINT('',(0.,296.38898157137));
#740 = VECTOR('',#741,1.);
#741 = DIRECTION('',(1.,0.));
#742 = ( GEOMETRIC_REPRESENTATION_CONTEXT(2)
PARAMETRIC_REPRESENTATION_CONTEXT() REPRESENTATION_CONTEXT('2D SPACE',''
  ) );
#743 = PCURVE('',#744,#749);
#744 = PLANE('',#745);
#745 = AXIS2_PLACEMENT_3D('',#746,#747,#748);
#746 = CARTESIAN_POINT('',(58.527096604839,294.23558412096,
    -2.668239234926E-13));
#747 = DIRECTION('',(9.96227877578E-02,0.992734556329,
    -6.747889173869E-02));
#748 = DIRECTION('',(0.995002463468,-9.98503765228E-02,0.));
#749 = DEFINITIONAL_REPRESENTATION('',(#750),#754);
#750 = CIRCLE('',#751,1.);
#751 = AXIS2_PLACEMENT_2D('',#752,#753);
#752 = CARTESIAN_POINT('',(-7.069917724809E-15,-2.723388114157E-16));
#753 = DIRECTION('',(1.,3.331770873606E-16));
#754 = ( GEOMETRIC_REPRESENTATION_CONTEXT(2)
PARAMETRIC_REPRESENTATION_CONTEXT() REPRESENTATION_CONTEXT('2D SPACE',''
  ) );
#755 = ORIENTED_EDGE('',*,*,#700,.F.);
#756 = ORIENTED_EDGE('',*,*,#757,.T.);
#757 = EDGE_CURVE('',#701,#701,#758,.T.);
#758 = SURFACE_CURVE('',#759,(#764,#771),.PCURVE_S1.);
#759 = CIRCLE('',#760,1.);
#760 = AXIS2_PLACEMENT_3D('',#761,#762,#763);
#761 = CARTESIAN_POINT('',(29.,0.,20.));
#762 = DIRECTION('',(9.962278775781E-02,0.992734556329,
    -6.747889173871E-02));
#763 = DIRECTION('',(0.995002463468,-9.98503765228E-02,
    5.811323644522E-17));
#764 = PCURVE('',#711,#765);
#765 = DEFINITIONAL_REPRESENTATION('',(#766),#770);
#766 = LINE('',#767,#768);
#767 = CARTESIAN_POINT('',(0.,0.));
#768 = VECTOR('',#769,1.);
#769 = DIRECTION('',(1.,0.));
#770 = ( GEOMETRIC_REPRESENTATION_CONTEXT(2)
PARAMETRIC_REPRESENTATION_CONTEXT() REPRESENTATION_CONTEXT('2D SPACE',''
  ) );
#771 = PCURVE('',#772,#777);
#772 = PLANE('',#773);
#773 = AXIS2_PLACEMENT_3D('',#774,#775,#776);
#774 = CARTESIAN_POINT('',(29.,2.670781508866E-18,20.));
#775 = DIRECTION('',(9.962278775781E-02,0.992734556329,
    -6.747889173871E-02));
#776 = DIRECTION('',(0.995002463468,-9.98503765228E-02,
    8.673617379884E-19));
#777 = DEFINITIONAL_REPRESENTATION('',(#778),#782);
#778 = CIRCLE('',#779,1.);
#779 = AXIS2_PLACEMENT_2D('',#780,#781);
#780 = CARTESIAN_POINT('',(-3.59380193934E-15,-3.560245959976E-15));
#781 = DIRECTION('',(1.,-6.230770287126E-17));
#782 = ( GEOMETRIC_REPRESENTATION_CONTEXT(2)
PARAMETRIC_REPRESENTATION_CONTEXT() REPRESENTATION_CONTEXT('2D SPACE',''
  ) );
#783 = ADVANCED_FACE('',(#784),#772,.F.);
#784 = FACE_BOUND('',#785,.F.);
#785 = EDGE_LOOP('',(#786));
#786 = ORIENTED_EDGE('',*,*,#757,.T.);
#787 = ADVANCED_FACE('',(#788),#744,.T.);
#788 = FACE_BOUND('',#789,.T.);
#789 = EDGE_LOOP('',(#790));
#790 = ORIENTED_EDGE('',*,*,#729,.T.);
#791 = MANIFOLD_SOLID_BREP('',#792);
#792 = CLOSED_SHELL('',(#793,#880,#884));
#793 = ADVANCED_FACE('',(#794),#808,.T.);
#794 = FACE_BOUND('',#795,.T.);
#795 = EDGE_LOOP('',(#796,#825,#852,#853));
#796 = ORIENTED_EDGE('',*,*,#797,.T.);
#797 = EDGE_CURVE('',#798,#800,#802,.T.);
#798 = VERTEX_POINT('',#799);
#799 = CARTESIAN_POINT('',(-26.79250644282,10.977550639054,
    -34.00725864808));
#800 = VERTEX_POINT('',#801);
#801 = CARTESIAN_POINT('',(-3.446132268436E-13,299.87973110046,
    0.992741351916));
#802 = SEAM_CURVE('',#803,(#807,#818),.PCURVE_S1.);
#803 = LINE('',#804,#805);
#804 = CARTESIAN_POINT('',(-26.79250644282,10.977550639054,
    -34.00725864808));
#805 = VECTOR('',#806,1.);
#806 = DIRECTION('',(9.167814693932E-02,0.988560611451,0.11976241005));
#807 = PCURVE('',#808,#813);
#808 = CYLINDRICAL_SURFACE('',#809,1.);
#809 = AXIS2_PLACEMENT_3D('',#810,#811,#812);
#810 = CARTESIAN_POINT('',(-26.79250644282,11.097819538588,-35.));
#811 = DIRECTION('',(9.167814693932E-02,0.988560611451,0.11976241005));
#812 = DIRECTION('',(-1.734723475977E-18,-0.120268899534,0.992741351916)
  );
#813 = DEFINITIONAL_REPRESENTATION('',(#814),#817);
#814 = B_SPLINE_CURVE_WITH_KNOTS('',1,(#815,#816),.UNSPECIFIED.,.F.,.F.,
  (2,2),(0.,292.24528786081),.PIECEWISE_BEZIER_KNOTS.);
#815 = CARTESIAN_POINT('',(6.28318530718,0.));
#816 = CARTESIAN_POINT('',(6.28318530718,292.24528786081));
#817 = ( GEOMETRIC_REPRESENTATION_CONTEXT(2)
PARAMETRIC_REPRESENTATION_CONTEXT() REPRESENTATION_CONTEXT('2D SPACE',''
  ) );
#818 = PCURVE('',#808,#819);
#819 = DEFINITIONAL_REPRESENTATION('',(#820),#824);
#820 = LINE('',#821,#822);
#821 = CARTESIAN_POINT('',(0.,0.));
#822 = VECTOR('',#823,1.);
#823 = DIRECTION('',(0.,1.));
#824 = ( GEOMETRIC_REPRESENTATION_CONTEXT(2)
PARAMETRIC_REPRESENTATION_CONTEXT() REPRESENTATION_CONTEXT('2D SPACE',''
  ) );
#825 = ORIENTED_EDGE('',*,*,#826,.F.);
#826 = EDGE_CURVE('',#800,#800,#827,.T.);
#827 = SURFACE_CURVE('',#828,(#833,#840),.PCURVE_S1.);
#828 = CIRCLE('',#829,1.);
#829 = AXIS2_PLACEMENT_3D('',#830,#831,#832);
#830 = CARTESIAN_POINT('',(-3.446132268436E-13,300.,1.42108547152E-14));
#831 = DIRECTION('',(9.167814693932E-02,0.988560611451,0.11976241005));
#832 = DIRECTION('',(-1.734723475977E-18,-0.120268899534,0.992741351916)
  );
#833 = PCURVE('',#808,#834);
#834 = DEFINITIONAL_REPRESENTATION('',(#835),#839);
#835 = LINE('',#836,#837);
#836 = CARTESIAN_POINT('',(0.,292.24528786081));
#837 = VECTOR('',#838,1.);
#838 = DIRECTION('',(1.,0.));
#839 = ( GEOMETRIC_REPRESENTATION_CONTEXT(2)
PARAMETRIC_REPRESENTATION_CONTEXT() REPRESENTATION_CONTEXT('2D SPACE',''
  ) );
#840 = PCURVE('',#841,#846);
#841 = PLANE('',#842);
#842 = AXIS2_PLACEMENT_3D('',#843,#844,#845);
#843 = CARTESIAN_POINT('',(-3.449380319379E-13,300.,1.412309261888E-14)
  );
#844 = DIRECTION('',(9.167814693933E-02,0.988560611451,0.11976241005));
#845 = DIRECTION('',(-1.734723475977E-18,-0.120268899534,0.992741351916)
  );
#846 = DEFINITIONAL_REPRESENTATION('',(#847),#851);
#847 = CIRCLE('',#848,1.);
#848 = AXIS2_PLACEMENT_2D('',#849,#850);
#849 = CARTESIAN_POINT('',(6.763314479834E-15,5.374631384107E-15));
#850 = DIRECTION('',(1.,-1.032160468206E-15));
#851 = ( GEOMETRIC_REPRESENTATION_CONTEXT(2)
PARAMETRIC_REPRESENTATION_CONTEXT() REPRESENTATION_CONTEXT('2D SPACE',''
  ) );
#852 = ORIENTED_EDGE('',*,*,#797,.F.);
#853 = ORIENTED_EDGE('',*,*,#854,.T.);
#854 = EDGE_CURVE('',#798,#798,#855,.T.);
#855 = SURFACE_CURVE('',#856,(#861,#868),.PCURVE_S1.);
#856 = CIRCLE('',#857,1.);
#857 = AXIS2_PLACEMENT_3D('',#858,#859,#860);
#858 = CARTESIAN_POINT('',(-26.79250644282,11.097819538588,-35.));
#859 = DIRECTION('',(9.167814693932E-02,0.988560611451,0.11976241005));
#860 = DIRECTION('',(-1.734723475977E-18,-0.120268899534,0.992741351916)
  );
#861 = PCURVE('',#808,#862);
#862 = DEFINITIONAL_REPRESENTATION('',(#863),#867);
#863 = LINE('',#864,#865);
#864 = CARTESIAN_POINT('',(0.,0.));
#865 = VECTOR('',#866,1.);
#866 = DIRECTION('',(1.,0.));
#867 = ( GEOMETRIC_REPRESENTATION_CONTEXT(2)
PARAMETRIC_REPRESENTATION_CONTEXT() REPRESENTATION_CONTEXT('2D SPACE',''
  ) );
#868 = PCURVE('',#869,#874);
#869 = PLANE('',#870);
#870 = AXIS2_PLACEMENT_3D('',#871,#872,#873);
#871 = CARTESIAN_POINT('',(-26.79250644282,11.097819538588,-35.));
#872 = DIRECTION('',(9.167814693932E-02,0.988560611451,0.11976241005));
#873 = DIRECTION('',(1.734723475977E-18,-0.120268899534,0.992741351916)
  );
#874 = DEFINITIONAL_REPRESENTATION('',(#875),#879);
#875 = CIRCLE('',#876,1.);
#876 = AXIS2_PLACEMENT_2D('',#877,#878);
#877 = CARTESIAN_POINT('',(-6.162975822039E-33,-3.537752104157E-15));
#878 = DIRECTION('',(1.,-1.561251128379E-17));
#879 = ( GEOMETRIC_REPRESENTATION_CONTEXT(2)
PARAMETRIC_REPRESENTATION_CONTEXT() REPRESENTATION_CONTEXT('2D SPACE',''
  ) );
#880 = ADVANCED_FACE('',(#881),#869,.F.);
#881 = FACE_BOUND('',#882,.F.);
#882 = EDGE_LOOP('',(#883));
#883 = ORIENTED_EDGE('',*,*,#854,.T.);
#884 = ADVANCED_FACE('',(#885),#841,.T.);
#885 = FACE_BOUND('',#886,.T.);
#886 = EDGE_LOOP('',(#887));
#887 = ORIENTED_EDGE('',*,*,#826,.T.);
#888 = MANIFOLD_SOLID_BREP('',#889);
#889 = CLOSED_SHELL('',(#890,#977,#981));
#890 = ADVANCED_FACE('',(#891),#905,.T.);
#891 = FACE_BOUND('',#892,.T.);
#892 = EDGE_LOOP('',(#893,#922,#949,#950));
#893 = ORIENTED_EDGE('',*,*,#894,.T.);
#894 = EDGE_CURVE('',#895,#897,#899,.T.);
#895 = VERTEX_POINT('',#896);
#896 = CARTESIAN_POINT('',(-25.79872904096,11.209203898095,20.));
#897 = VERTEX_POINT('',#898);
#898 = CARTESIAN_POINT('',(-57.53331920297,294.34696848047,
    3.765876499529E-13));
#899 = SEAM_CURVE('',#900,(#904,#915),.PCURVE_S1.);
#900 = LINE('',#901,#902);
#901 = CARTESIAN_POINT('',(-25.79872904096,11.209203898095,20.));
#902 = VECTOR('',#903,1.);
#903 = DIRECTION('',(-0.111110936278,0.991337904724,-7.002512760434E-02)
  );
#904 = PCURVE('',#905,#910);
#905 = CYLINDRICAL_SURFACE('',#906,1.);
#906 = AXIS2_PLACEMENT_3D('',#907,#908,#909);
#907 = CARTESIAN_POINT('',(-26.79250644282,11.097819538588,20.));
#908 = DIRECTION('',(-0.111110936278,0.991337904724,-7.002512760434E-02)
  );
#909 = DIRECTION('',(0.993777401865,0.111384359508,-3.295974604356E-17)
  );
#910 = DEFINITIONAL_REPRESENTATION('',(#911),#914);
#911 = B_SPLINE_CURVE_WITH_KNOTS('',1,(#912,#913),.UNSPECIFIED.,.F.,.F.,
  (2,2),(0.,285.61176086684),.PIECEWISE_BEZIER_KNOTS.);
#912 = CARTESIAN_POINT('',(6.28318530718,0.));
#913 = CARTESIAN_POINT('',(6.28318530718,285.61176086684));
#914 = ( GEOMETRIC_REPRESENTATION_CONTEXT(2)
PARAMETRIC_REPRESENTATION_CONTEXT() REPRESENTATION_CONTEXT('2D SPACE',''
  ) );
#915 = PCURVE('',#905,#916);
#916 = DEFINITIONAL_REPRESENTATION('',(#917),#921);
#917 = LINE('',#918,#919);
#918 = CARTESIAN_POINT('',(0.,0.));
#919 = VECTOR('',#920,1.);
#920 = DIRECTION('',(0.,1.));
#921 = ( GEOMETRIC_REPRESENTATION_CONTEXT(2)
PARAMETRIC_REPRESENTATION_CONTEXT() REPRESENTATION_CONTEXT('2D SPACE',''
  ) );
#922 = ORIENTED_EDGE('',*,*,#923,.F.);
#923 = EDGE_CURVE('',#897,#897,#924,.T.);
#924 = SURFACE_CURVE('',#925,(#930,#937),.PCURVE_S1.);
#925 = CIRCLE('',#926,1.);
#926 = AXIS2_PLACEMENT_3D('',#927,#928,#929);
#927 = CARTESIAN_POINT('',(-58.52709660483,294.23558412096,
    3.765876499529E-13));
#928 = DIRECTION('',(-0.111110936278,0.991337904724,-7.002512760434E-02)
  );
#929 = DIRECTION('',(0.993777401865,0.111384359508,-3.209238430557E-17)
  );
#930 = PCURVE('',#905,#931);
#931 = DEFINITIONAL_REPRESENTATION('',(#932),#936);
#932 = LINE('',#933,#934);
#933 = CARTESIAN_POINT('',(0.,285.61176086684));
#934 = VECTOR('',#935,1.);
#935 = DIRECTION('',(1.,0.));
#936 = ( GEOMETRIC_REPRESENTATION_CONTEXT(2)
PARAMETRIC_REPRESENTATION_CONTEXT() REPRESENTATION_CONTEXT('2D SPACE',''
  ) );
#937 = PCURVE('',#938,#943);
#938 = PLANE('',#939);
#939 = AXIS2_PLACEMENT_3D('',#940,#941,#942);
#940 = CARTESIAN_POINT('',(-58.52709660483,294.23558412096,
    3.767984213815E-13));
#941 = DIRECTION('',(-0.111110936278,0.991337904724,-7.002512760434E-02)
  );
#942 = DIRECTION('',(0.993777401865,0.111384359508,-8.673617379884E-19)
  );
#943 = DEFINITIONAL_REPRESENTATION('',(#944),#948);
#944 = CIRCLE('',#945,1.);
#945 = AXIS2_PLACEMENT_2D('',#946,#947);
#946 = CARTESIAN_POINT('',(1.819186355483E-34,2.092230482287E-16));
#947 = DIRECTION('',(1.,9.690604700062E-17));
#948 = ( GEOMETRIC_REPRESENTATION_CONTEXT(2)
PARAMETRIC_REPRESENTATION_CONTEXT() REPRESENTATION_CONTEXT('2D SPACE',''
  ) );
#949 = ORIENTED_EDGE('',*,*,#894,.F.);
#950 = ORIENTED_EDGE('',*,*,#951,.T.);
#951 = EDGE_CURVE('',#895,#895,#952,.T.);
#952 = SURFACE_CURVE('',#953,(#958,#965),.PCURVE_S1.);
#953 = CIRCLE('',#954,1.);
#954 = AXIS2_PLACEMENT_3D('',#955,#956,#957);
#955 = CARTESIAN_POINT('',(-26.79250644282,11.097819538588,20.));
#956 = DIRECTION('',(-0.111110936278,0.991337904724,-7.002512760434E-02)
  );
#957 = DIRECTION('',(0.993777401865,0.111384359508,-3.209238430557E-17)
  );
#958 = PCURVE('',#905,#959);
#959 = DEFINITIONAL_REPRESENTATION('',(#960),#964);
#960 = LINE('',#961,#962);
#961 = CARTESIAN_POINT('',(0.,0.));
#962 = VECTOR('',#963,1.);
#963 = DIRECTION('',(1.,0.));
#964 = ( GEOMETRIC_REPRESENTATION_CONTEXT(2)
PARAMETRIC_REPRESENTATION_CONTEXT() REPRESENTATION_CONTEXT('2D SPACE',''
  ) );
#965 = PCURVE('',#966,#971);
#966 = PLANE('',#967);
#967 = AXIS2_PLACEMENT_3D('',#968,#969,#970);
#968 = CARTESIAN_POINT('',(-26.79250644282,11.097819538588,20.));
#969 = DIRECTION('',(-0.111110936278,0.991337904724,-7.002512760434E-02)
  );
#970 = DIRECTION('',(0.993777401865,0.111384359508,0.));
#971 = DEFINITIONAL_REPRESENTATION('',(#972),#976);
#972 = CIRCLE('',#973,1.);
#973 = AXIS2_PLACEMENT_2D('',#974,#975);
#974 = CARTESIAN_POINT('',(-3.530606569288E-15,3.516282460975E-15));
#975 = DIRECTION('',(1.,4.321904461562E-18));
#976 = ( GEOMETRIC_REPRESENTATION_CONTEXT(2)
PARAMETRIC_REPRESENTATION_CONTEXT() REPRESENTATION_CONTEXT('2D SPACE',''
  ) );
#977 = ADVANCED_FACE('',(#978),#966,.F.);
#978 = FACE_BOUND('',#979,.F.);
#979 = EDGE_LOOP('',(#980));
#980 = ORIENTED_EDGE('',*,*,#951,.T.);
#981 = ADVANCED_FACE('',(#982),#938,.T.);
#982 = FACE_BOUND('',#983,.T.);
#983 = EDGE_LOOP('',(#984));
#984 = ORIENTED_EDGE('',*,*,#923,.T.);
#985 = MANIFOLD_SOLID_BREP('',#986);
#986 = CLOSED_SHELL('',(#987,#1074,#1078));
#987 = ADVANCED_FACE('',(#988),#1002,.T.);
#988 = FACE_BOUND('',#989,.T.);
#989 = EDGE_LOOP('',(#990,#1019,#1046,#1047));
#990 = ORIENTED_EDGE('',*,*,#991,.T.);
#991 = EDGE_CURVE('',#992,#994,#996,.T.);
#992 = VERTEX_POINT('',#993);
#993 = CARTESIAN_POINT('',(21.390690655571,20.972458588008,-35.));
#994 = VERTEX_POINT('',#995);
#995 = CARTESIAN_POINT('',(-113.9204357083,277.63022168698,
    3.552713678801E-14));
#996 = SEAM_CURVE('',#997,(#1001,#1012),.PCURVE_S1.);
#997 = LINE('',#998,#999);
#998 = CARTESIAN_POINT('',(21.390690655571,20.972458588008,-35.));
#999 = VECTOR('',#1000,1.);
#1000 = DIRECTION('',(-0.463005331427,0.878227207623,0.11976241005));
#1001 = PCURVE('',#1002,#1007);
#1002 = CYLINDRICAL_SURFACE('',#1003,1.);
#1003 = AXIS2_PLACEMENT_3D('',#1004,#1005,#1006);
#1004 = CARTESIAN_POINT('',(20.50609665441,20.50609665441,-35.));
#1005 = DIRECTION('',(-0.463005331427,0.878227207623,0.11976241005));
#1006 = DIRECTION('',(0.884594001161,0.466361933598,-1.387778780781E-16)
  );
#1007 = DEFINITIONAL_REPRESENTATION('',(#1008),#1011);
#1008 = B_SPLINE_CURVE_WITH_KNOTS('',1,(#1009,#1010),.UNSPECIFIED.,.F.,
  .F.,(2,2),(0.,292.24528786081),.PIECEWISE_BEZIER_KNOTS.);
#1009 = CARTESIAN_POINT('',(6.28318530718,0.));
#1010 = CARTESIAN_POINT('',(6.28318530718,292.24528786081));
#1011 = ( GEOMETRIC_REPRESENTATION_CONTEXT(2)
PARAMETRIC_REPRESENTATION_CONTEXT() REPRESENTATION_CONTEXT('2D SPACE',''
  ) );
#1012 = PCURVE('',#1002,#1013);
#1013 = DEFINITIONAL_REPRESENTATION('',(#1014),#1018);
#1014 = LINE('',#1015,#1016);
#1015 = CARTESIAN_POINT('',(0.,0.));
#1016 = VECTOR('',#1017,1.);
#1017 = DIRECTION('',(0.,1.));
#1018 = ( GEOMETRIC_REPRESENTATION_CONTEXT(2)
PARAMETRIC_REPRESENTATION_CONTEXT() REPRESENTATION_CONTEXT('2D SPACE',''
  ) );
#1019 = ORIENTED_EDGE('',*,*,#1020,.F.);
#1020 = EDGE_CURVE('',#994,#994,#1021,.T.);
#1021 = SURFACE_CURVE('',#1022,(#1027,#1034),.PCURVE_S1.);
#1022 = CIRCLE('',#1023,1.);
#1023 = AXIS2_PLACEMENT_3D('',#1024,#1025,#1026);
#1024 = CARTESIAN_POINT('',(-114.8050297095,277.16385975338,
    3.552713678801E-14));
#1025 = DIRECTION('',(-0.463005331427,0.878227207623,0.11976241005));
#1026 = DIRECTION('',(0.884594001161,0.466361933598,-1.387778780781E-16)
  );
#1027 = PCURVE('',#1002,#1028);
#1028 = DEFINITIONAL_REPRESENTATION('',(#1029),#1033);
#1029 = LINE('',#1030,#1031);
#1030 = CARTESIAN_POINT('',(0.,292.24528786081));
#1031 = VECTOR('',#1032,1.);
#1032 = DIRECTION('',(1.,0.));
#1033 = ( GEOMETRIC_REPRESENTATION_CONTEXT(2)
PARAMETRIC_REPRESENTATION_CONTEXT() REPRESENTATION_CONTEXT('2D SPACE',''
  ) );
#1034 = PCURVE('',#1035,#1040);
#1035 = PLANE('',#1036);
#1036 = AXIS2_PLACEMENT_3D('',#1037,#1038,#1039);
#1037 = CARTESIAN_POINT('',(-114.8050297095,277.16385975338,
    3.636413051743E-14));
#1038 = DIRECTION('',(-0.463005331427,0.878227207623,0.11976241005));
#1039 = DIRECTION('',(0.884594001161,0.466361933598,6.938893903907E-18)
  );
#1040 = DEFINITIONAL_REPRESENTATION('',(#1041),#1045);
#1041 = CIRCLE('',#1042,1.);
#1042 = AXIS2_PLACEMENT_2D('',#1043,#1044);
#1043 = CARTESIAN_POINT('',(-1.257083683244E-14,-5.10524514701E-15));
#1044 = DIRECTION('',(1.,-8.266242712496E-16));
#1045 = ( GEOMETRIC_REPRESENTATION_CONTEXT(2)
PARAMETRIC_REPRESENTATION_CONTEXT() REPRESENTATION_CONTEXT('2D SPACE',''
  ) );
#1046 = ORIENTED_EDGE('',*,*,#991,.F.);
#1047 = ORIENTED_EDGE('',*,*,#1048,.T.);
#1048 = EDGE_CURVE('',#992,#992,#1049,.T.);
#1049 = SURFACE_CURVE('',#1050,(#1055,#1062),.PCURVE_S1.);
#1050 = CIRCLE('',#1051,1.);
#1051 = AXIS2_PLACEMENT_3D('',#1052,#1053,#1054);
#1052 = CARTESIAN_POINT('',(20.50609665441,20.50609665441,-35.));
#1053 = DIRECTION('',(-0.463005331427,0.878227207623,0.11976241005));
#1054 = DIRECTION('',(0.884594001161,0.466361933598,-1.387778780781E-16)
  );
#1055 = PCURVE('',#1002,#1056);
#1056 = DEFINITIONAL_REPRESENTATION('',(#1057),#1061);
#1057 = LINE('',#1058,#1059);
#1058 = CARTESIAN_POINT('',(0.,0.));
#1059 = VECTOR('',#1060,1.);
#1060 = DIRECTION('',(1.,0.));
#1061 = ( GEOMETRIC_REPRESENTATION_CONTEXT(2)
PARAMETRIC_REPRESENTATION_CONTEXT() REPRESENTATION_CONTEXT('2D SPACE',''
  ) );
#1062 = PCURVE('',#1063,#1068);
#1063 = PLANE('',#1064);
#1064 = AXIS2_PLACEMENT_3D('',#1065,#1066,#1067);
#1065 = CARTESIAN_POINT('',(20.50609665441,20.50609665441,-35.));
#1066 = DIRECTION('',(-0.463005331427,0.878227207623,0.11976241005));
#1067 = DIRECTION('',(0.884594001161,0.466361933598,0.));
#1068 = DEFINITIONAL_REPRESENTATION('',(#1069),#1073);
#1069 = CIRCLE('',#1070,1.);
#1070 = AXIS2_PLACEMENT_2D('',#1071,#1072);
#1071 = CARTESIAN_POINT('',(0.,0.));
#1072 = DIRECTION('',(1.,1.102232284501E-16));
#1073 = ( GEOMETRIC_REPRESENTATION_CONTEXT(2)
PARAMETRIC_REPRESENTATION_CONTEXT() REPRESENTATION_CONTEXT('2D SPACE',''
  ) );
#1074 = ADVANCED_FACE('',(#1075),#1063,.F.);
#1075 = FACE_BOUND('',#1076,.F.);
#1076 = EDGE_LOOP('',(#1077));
#1077 = ORIENTED_EDGE('',*,*,#1048,.T.);
#1078 = ADVANCED_FACE('',(#1079),#1035,.T.);
#1079 = FACE_BOUND('',#1080,.T.);
#1080 = EDGE_LOOP('',(#1081));
#1081 = ORIENTED_EDGE('',*,*,#1020,.T.);
#1082 = MANIFOLD_SOLID_BREP('',#1083);
#1083 = CLOSED_SHELL('',(#1084,#1171,#1175));
#1084 = ADVANCED_FACE('',(#1085),#1099,.T.);
#1085 = FACE_BOUND('',#1086,.T.);
#1086 = EDGE_LOOP('',(#1087,#1116,#1143,#1144));
#1087 = ORIENTED_EDGE('',*,*,#1088,.T.);
#1088 = EDGE_CURVE('',#1089,#1091,#1093,.T.);
#1089 = VERTEX_POINT('',#1090);
#1090 = CARTESIAN_POINT('',(21.280274521969,21.139064765282,20.));
#1091 = VERTEX_POINT('',#1092);
#1092 = CARTESIAN_POINT('',(-165.8968920383,250.07385180163,
    -2.84217094304E-13));
#1093 = SEAM_CURVE('',#1094,(#1098,#1109),.PCURVE_S1.);
#1094 = LINE('',#1095,#1096);
#1095 = CARTESIAN_POINT('',(21.280274521969,21.139064765282,20.));
#1096 = VECTOR('',#1097,1.);
#1097 = DIRECTION('',(-0.631525387914,0.772413285482,-6.747889173871E-02
    ));
#1098 = PCURVE('',#1099,#1104);
#1099 = CYLINDRICAL_SURFACE('',#1100,1.);
#1100 = AXIS2_PLACEMENT_3D('',#1101,#1102,#1103);
#1101 = CARTESIAN_POINT('',(20.50609665441,20.50609665441,20.));
#1102 = DIRECTION('',(-0.631525387914,0.772413285482,-6.747889173871E-02
    ));
#1103 = DIRECTION('',(0.774177867559,0.632968110873,9.71445146547E-17));
#1104 = DEFINITIONAL_REPRESENTATION('',(#1105),#1108);
#1105 = B_SPLINE_CURVE_WITH_KNOTS('',1,(#1106,#1107),.UNSPECIFIED.,.F.,
  .F.,(2,2),(0.,296.38898157137),.PIECEWISE_BEZIER_KNOTS.);
#1106 = CARTESIAN_POINT('',(6.28318530718,0.));
#1107 = CARTESIAN_POINT('',(6.28318530718,296.38898157137));
#1108 = ( GEOMETRIC_REPRESENTATION_CONTEXT(2)
PARAMETRIC_REPRESENTATION_CONTEXT() REPRESENTATION_CONTEXT('2D SPACE',''
  ) );
#1109 = PCURVE('',#1099,#1110);
#1110 = DEFINITIONAL_REPRESENTATION('',(#1111),#1115);
#1111 = LINE('',#1112,#1113);
#1112 = CARTESIAN_POINT('',(0.,0.));
#1113 = VECTOR('',#1114,1.);
#1114 = DIRECTION('',(0.,1.));
#1115 = ( GEOMETRIC_REPRESENTATION_CONTEXT(2)
PARAMETRIC_REPRESENTATION_CONTEXT() REPRESENTATION_CONTEXT('2D SPACE',''
  ) );
#1116 = ORIENTED_EDGE('',*,*,#1117,.F.);
#1117 = EDGE_CURVE('',#1091,#1091,#1118,.T.);
#1118 = SURFACE_CURVE('',#1119,(#1124,#1131),.PCURVE_S1.);
#1119 = CIRCLE('',#1120,1.);
#1120 = AXIS2_PLACEMENT_3D('',#1121,#1122,#1123);
#1121 = CARTESIAN_POINT('',(-166.6710699058,249.44088369076,
    -2.84217094304E-13));
#1122 = DIRECTION('',(-0.631525387914,0.772413285482,-6.747889173871E-02
    ));
#1123 = DIRECTION('',(0.774177867559,0.632968110873,1.040834085586E-16)
  );
#1124 = PCURVE('',#1099,#1125);
#1125 = DEFINITIONAL_REPRESENTATION('',(#1126),#1130);
#1126 = LINE('',#1127,#1128);
#1127 = CARTESIAN_POINT('',(0.,296.38898157137));
#1128 = VECTOR('',#1129,1.);
#1129 = DIRECTION('',(1.,0.));
#1130 = ( GEOMETRIC_REPRESENTATION_CONTEXT(2)
PARAMETRIC_REPRESENTATION_CONTEXT() REPRESENTATION_CONTEXT('2D SPACE',''
  ) );
#1131 = PCURVE('',#1132,#1137);
#1132 = PLANE('',#1133);
#1133 = AXIS2_PLACEMENT_3D('',#1134,#1135,#1136);
#1134 = CARTESIAN_POINT('',(-166.6710699058,249.44088369076,
    -2.835367228633E-13));
#1135 = DIRECTION('',(-0.631525387914,0.772413285482,-6.747889173871E-02
    ));
#1136 = DIRECTION('',(0.774177867559,0.632968110873,6.938893903907E-18)
  );
#1137 = DEFINITIONAL_REPRESENTATION('',(#1138),#1142);
#1138 = CIRCLE('',#1139,1.);
#1139 = AXIS2_PLACEMENT_2D('',#1140,#1141);
#1140 = CARTESIAN_POINT('',(5.579643131764E-33,-8.022785099964E-16));
#1141 = DIRECTION('',(1.,-5.330453818399E-16));
#1142 = ( GEOMETRIC_REPRESENTATION_CONTEXT(2)
PARAMETRIC_REPRESENTATION_CONTEXT() REPRESENTATION_CONTEXT('2D SPACE',''
  ) );
#1143 = ORIENTED_EDGE('',*,*,#1088,.F.);
#1144 = ORIENTED_EDGE('',*,*,#1145,.T.);
#1145 = EDGE_CURVE('',#1089,#1089,#1146,.T.);
#1146 = SURFACE_CURVE('',#1147,(#1152,#1159),.PCURVE_S1.);
#1147 = CIRCLE('',#1148,1.);
#1148 = AXIS2_PLACEMENT_3D('',#1149,#1150,#1151);
#1149 = CARTESIAN_POINT('',(20.50609665441,20.50609665441,20.));
#1150 = DIRECTION('',(-0.631525387914,0.772413285482,-6.747889173871E-02
    ));
#1151 = DIRECTION('',(0.774177867559,0.632968110873,1.040834085586E-16)
  );
#1152 = PCURVE('',#1099,#1153);
#1153 = DEFINITIONAL_REPRESENTATION('',(#1154),#1158);
#1154 = LINE('',#1155,#1156);
#1155 = CARTESIAN_POINT('',(0.,0.));
#1156 = VECTOR('',#1157,1.);
#1157 = DIRECTION('',(1.,0.));
#1158 = ( GEOMETRIC_REPRESENTATION_CONTEXT(2)
PARAMETRIC_REPRESENTATION_CONTEXT() REPRESENTATION_CONTEXT('2D SPACE',''
  ) );
#1159 = PCURVE('',#1160,#1165);
#1160 = PLANE('',#1161);
#1161 = AXIS2_PLACEMENT_3D('',#1162,#1163,#1164);
#1162 = CARTESIAN_POINT('',(20.50609665441,20.50609665441,20.));
#1163 = DIRECTION('',(-0.631525387914,0.772413285482,-6.747889173871E-02
    ));
#1164 = DIRECTION('',(0.774177867559,0.632968110873,6.938893903907E-18)
  );
#1165 = DEFINITIONAL_REPRESENTATION('',(#1166),#1170);
#1166 = CIRCLE('',#1167,1.);
#1167 = AXIS2_PLACEMENT_2D('',#1168,#1169);
#1168 = CARTESIAN_POINT('',(2.465190328816E-32,-3.544615985565E-15));
#1169 = DIRECTION('',(1.,-5.535299316025E-17));
#1170 = ( GEOMETRIC_REPRESENTATION_CONTEXT(2)
PARAMETRIC_REPRESENTATION_CONTEXT() REPRESENTATION_CONTEXT('2D SPACE',''
  ) );
#1171 = ADVANCED_FACE('',(#1172),#1160,.F.);
#1172 = FACE_BOUND('',#1173,.F.);
#1173 = EDGE_LOOP('',(#1174));
#1174 = ORIENTED_EDGE('',*,*,#1145,.T.);
#1175 = ADVANCED_FACE('',(#1176),#1132,.T.);
#1176 = FACE_BOUND('',#1177,.T.);
#1177 = EDGE_LOOP('',(#1178));
#1178 = ORIENTED_EDGE('',*,*,#1117,.T.);
#1179 = MANIFOLD_SOLID_BREP('',#1180);
#1180 = CLOSED_SHELL('',(#1181,#1268,#1272));
#1181 = ADVANCED_FACE('',(#1182),#1196,.T.);
#1182 = FACE_BOUND('',#1183,.T.);
#1183 = EDGE_LOOP('',(#1184,#1213,#1240,#1241));
#1184 = ORIENTED_EDGE('',*,*,#1185,.T.);
#1185 = EDGE_CURVE('',#1186,#1188,#1190,.T.);
#1186 = VERTEX_POINT('',#1187);
#1187 = CARTESIAN_POINT('',(-26.02312472901,-10.4590302318,-35.));
#1188 = VERTEX_POINT('',#1189);
#1189 = CARTESIAN_POINT('',(-211.3626526421,212.77082366274,0.));
#1190 = SEAM_CURVE('',#1191,(#1195,#1206),.PCURVE_S1.);
#1191 = LINE('',#1192,#1193);
#1192 = CARTESIAN_POINT('',(-26.02312472901,-10.4590302318,-35.));
#1193 = VECTOR('',#1194,1.);
#1194 = DIRECTION('',(-0.634191672584,0.763844151358,0.11976241005));
#1195 = PCURVE('',#1196,#1201);
#1196 = CYLINDRICAL_SURFACE('',#1197,1.);
#1197 = AXIS2_PLACEMENT_3D('',#1198,#1199,#1200);
#1198 = CARTESIAN_POINT('',(-26.79250644282,-11.09781953858,-35.));
#1199 = DIRECTION('',(-0.634191672584,0.763844151358,0.11976241005));
#1200 = DIRECTION('',(0.769381713808,0.638789306781,1.387778780781E-16)
  );
#1201 = DEFINITIONAL_REPRESENTATION('',(#1202),#1205);
#1202 = B_SPLINE_CURVE_WITH_KNOTS('',1,(#1203,#1204),.UNSPECIFIED.,.F.,
  .F.,(2,2),(0.,292.24528786081),.PIECEWISE_BEZIER_KNOTS.);
#1203 = CARTESIAN_POINT('',(6.28318530718,0.));
#1204 = CARTESIAN_POINT('',(6.28318530718,292.24528786081));
#1205 = ( GEOMETRIC_REPRESENTATION_CONTEXT(2)
PARAMETRIC_REPRESENTATION_CONTEXT() REPRESENTATION_CONTEXT('2D SPACE',''
  ) );
#1206 = PCURVE('',#1196,#1207);
#1207 = DEFINITIONAL_REPRESENTATION('',(#1208),#1212);
#1208 = LINE('',#1209,#1210);
#1209 = CARTESIAN_POINT('',(0.,0.));
#1210 = VECTOR('',#1211,1.);
#1211 = DIRECTION('',(0.,1.));
#1212 = ( GEOMETRIC_REPRESENTATION_CONTEXT(2)
PARAMETRIC_REPRESENTATION_CONTEXT() REPRESENTATION_CONTEXT('2D SPACE',''
  ) );
#1213 = ORIENTED_EDGE('',*,*,#1214,.F.);
#1214 = EDGE_CURVE('',#1188,#1188,#1215,.T.);
#1215 = SURFACE_CURVE('',#1216,(#1221,#1228),.PCURVE_S1.);
#1216 = CIRCLE('',#1217,1.);
#1217 = AXIS2_PLACEMENT_3D('',#1218,#1219,#1220);
#1218 = CARTESIAN_POINT('',(-212.1320343559,212.13203435596,0.));
#1219 = DIRECTION('',(-0.634191672584,0.763844151358,0.11976241005));
#1220 = DIRECTION('',(0.769381713808,0.638789306781,1.179611963664E-16)
  );
#1221 = PCURVE('',#1196,#1222);
#1222 = DEFINITIONAL_REPRESENTATION('',(#1223),#1227);
#1223 = LINE('',#1224,#1225);
#1224 = CARTESIAN_POINT('',(0.,292.24528786081));
#1225 = VECTOR('',#1226,1.);
#1226 = DIRECTION('',(1.,0.));
#1227 = ( GEOMETRIC_REPRESENTATION_CONTEXT(2)
PARAMETRIC_REPRESENTATION_CONTEXT() REPRESENTATION_CONTEXT('2D SPACE',''
  ) );
#1228 = PCURVE('',#1229,#1234);
#1229 = PLANE('',#1230);
#1230 = AXIS2_PLACEMENT_3D('',#1231,#1232,#1233);
#1231 = CARTESIAN_POINT('',(-212.1320343559,212.13203435596,
    -8.799271416201E-16));
#1232 = DIRECTION('',(-0.634191672584,0.763844151358,0.11976241005));
#1233 = DIRECTION('',(0.769381713808,0.638789306781,0.));
#1234 = DEFINITIONAL_REPRESENTATION('',(#1235),#1239);
#1235 = CIRCLE('',#1236,1.);
#1236 = AXIS2_PLACEMENT_2D('',#1237,#1238);
#1237 = CARTESIAN_POINT('',(4.00226275755E-14,2.159488517833E-17));
#1238 = DIRECTION('',(1.,2.204464569001E-16));
#1239 = ( GEOMETRIC_REPRESENTATION_CONTEXT(2)
PARAMETRIC_REPRESENTATION_CONTEXT() REPRESENTATION_CONTEXT('2D SPACE',''
  ) );
#1240 = ORIENTED_EDGE('',*,*,#1185,.F.);
#1241 = ORIENTED_EDGE('',*,*,#1242,.T.);
#1242 = EDGE_CURVE('',#1186,#1186,#1243,.T.);
#1243 = SURFACE_CURVE('',#1244,(#1249,#1256),.PCURVE_S1.);
#1244 = CIRCLE('',#1245,1.);
#1245 = AXIS2_PLACEMENT_3D('',#1246,#1247,#1248);
#1246 = CARTESIAN_POINT('',(-26.79250644282,-11.09781953858,-35.));
#1247 = DIRECTION('',(-0.634191672584,0.763844151358,0.11976241005));
#1248 = DIRECTION('',(0.769381713808,0.638789306781,1.179611963664E-16)
  );
#1249 = PCURVE('',#1196,#1250);
#1250 = DEFINITIONAL_REPRESENTATION('',(#1251),#1255);
#1251 = LINE('',#1252,#1253);
#1252 = CARTESIAN_POINT('',(0.,0.));
#1253 = VECTOR('',#1254,1.);
#1254 = DIRECTION('',(1.,0.));
#1255 = ( GEOMETRIC_REPRESENTATION_CONTEXT(2)
PARAMETRIC_REPRESENTATION_CONTEXT() REPRESENTATION_CONTEXT('2D SPACE',''
  ) );
#1256 = PCURVE('',#1257,#1262);
#1257 = PLANE('',#1258);
#1258 = AXIS2_PLACEMENT_3D('',#1259,#1260,#1261);
#1259 = CARTESIAN_POINT('',(-26.79250644282,-11.09781953858,-35.));
#1260 = DIRECTION('',(-0.634191672584,0.763844151358,0.11976241005));
#1261 = DIRECTION('',(0.769381713808,0.638789306781,0.));
#1262 = DEFINITIONAL_REPRESENTATION('',(#1263),#1267);
#1263 = CIRCLE('',#1264,1.);
#1264 = AXIS2_PLACEMENT_2D('',#1265,#1266);
#1265 = CARTESIAN_POINT('',(-1.134717754036E-15,-7.217965483789E-15));
#1266 = DIRECTION('',(1.,-2.27385350804E-16));
#1267 = ( GEOMETRIC_REPRESENTATION_CONTEXT(2)
PARAMETRIC_REPRESENTATION_CONTEXT() REPRESENTATION_CONTEXT('2D SPACE',''
  ) );
#1268 = ADVANCED_FACE('',(#1269),#1257,.F.);
#1269 = FACE_BOUND('',#1270,.F.);
#1270 = EDGE_LOOP('',(#1271));
#1271 = ORIENTED_EDGE('',*,*,#1242,.T.);
#1272 = ADVANCED_FACE('',(#1273),#1229,.T.);
#1273 = FACE_BOUND('',#1274,.T.);
#1274 = EDGE_LOOP('',(#1275));
#1275 = ORIENTED_EDGE('',*,*,#1214,.T.);
#1276 = MANIFOLD_SOLID_BREP('',#1277);
#1277 = CLOSED_SHELL('',(#1278,#1365,#1369));
#1278 = ADVANCED_FACE('',(#1279),#1293,.T.);
#1279 = FACE_BOUND('',#1280,.T.);
#1280 = EDGE_LOOP('',(#1281,#1310,#1337,#1338));
#1281 = ORIENTED_EDGE('',*,*,#1282,.T.);
#1282 = EDGE_CURVE('',#1283,#1285,#1287,.T.);
#1283 = VERTEX_POINT('',#1284);
#1284 = CARTESIAN_POINT('',(-27.41645254675,-11.87928691436,20.));
#1285 = VERTEX_POINT('',#1286);
#1286 = CARTESIAN_POINT('',(-250.0648297946,165.8896025301,
    3.801403636317E-13));
#1287 = SEAM_CURVE('',#1288,(#1292,#1303),.PCURVE_S1.);
#1288 = LINE('',#1289,#1290);
#1289 = CARTESIAN_POINT('',(-27.41645254675,-11.87928691436,20.));
#1290 = VECTOR('',#1291,1.);
#1291 = DIRECTION('',(-0.779549051384,0.622414458372,-7.002512760434E-02
    ));
#1292 = PCURVE('',#1293,#1298);
#1293 = CYLINDRICAL_SURFACE('',#1294,1.);
#1294 = AXIS2_PLACEMENT_3D('',#1295,#1296,#1297);
#1295 = CARTESIAN_POINT('',(-26.79250644282,-11.09781953858,20.));
#1296 = DIRECTION('',(-0.779549051384,0.622414458372,-7.002512760434E-02
    ));
#1297 = DIRECTION('',(-0.623946103923,-0.781467375775,2.081668171172E-17
    ));
#1298 = DEFINITIONAL_REPRESENTATION('',(#1299),#1302);
#1299 = B_SPLINE_CURVE_WITH_KNOTS('',1,(#1300,#1301),.UNSPECIFIED.,.F.,
  .F.,(2,2),(0.,285.61176086684),.PIECEWISE_BEZIER_KNOTS.);
#1300 = CARTESIAN_POINT('',(6.28318530718,0.));
#1301 = CARTESIAN_POINT('',(6.28318530718,285.61176086684));
#1302 = ( GEOMETRIC_REPRESENTATION_CONTEXT(2)
PARAMETRIC_REPRESENTATION_CONTEXT() REPRESENTATION_CONTEXT('2D SPACE',''
  ) );
#1303 = PCURVE('',#1293,#1304);
#1304 = DEFINITIONAL_REPRESENTATION('',(#1305),#1309);
#1305 = LINE('',#1306,#1307);
#1306 = CARTESIAN_POINT('',(0.,0.));
#1307 = VECTOR('',#1308,1.);
#1308 = DIRECTION('',(0.,1.));
#1309 = ( GEOMETRIC_REPRESENTATION_CONTEXT(2)
PARAMETRIC_REPRESENTATION_CONTEXT() REPRESENTATION_CONTEXT('2D SPACE',''
  ) );
#1310 = ORIENTED_EDGE('',*,*,#1311,.F.);
#1311 = EDGE_CURVE('',#1285,#1285,#1312,.T.);
#1312 = SURFACE_CURVE('',#1313,(#1318,#1325),.PCURVE_S1.);
#1313 = CIRCLE('',#1314,1.);
#1314 = AXIS2_PLACEMENT_3D('',#1315,#1316,#1317);
#1315 = CARTESIAN_POINT('',(-249.4408836907,166.67106990588,
    3.801403636317E-13));
#1316 = DIRECTION('',(-0.779549051384,0.622414458372,-7.002512760434E-02
    ));
#1317 = DIRECTION('',(-0.623946103923,-0.781467375775,2.775557561563E-17
    ));
#1318 = PCURVE('',#1293,#1319);
#1319 = DEFINITIONAL_REPRESENTATION('',(#1320),#1324);
#1320 = LINE('',#1321,#1322);
#1321 = CARTESIAN_POINT('',(0.,285.61176086684));
#1322 = VECTOR('',#1323,1.);
#1323 = DIRECTION('',(1.,0.));
#1324 = ( GEOMETRIC_REPRESENTATION_CONTEXT(2)
PARAMETRIC_REPRESENTATION_CONTEXT() REPRESENTATION_CONTEXT('2D SPACE',''
  ) );
#1325 = PCURVE('',#1326,#1331);
#1326 = PLANE('',#1327);
#1327 = AXIS2_PLACEMENT_3D('',#1328,#1329,#1330);
#1328 = CARTESIAN_POINT('',(-249.4408836907,166.67106990588,
    3.794984299945E-13));
#1329 = DIRECTION('',(-0.779549051384,0.622414458372,-7.002512760432E-02
    ));
#1330 = DIRECTION('',(-0.623946103923,-0.781467375775,0.));
#1331 = DEFINITIONAL_REPRESENTATION('',(#1332),#1336);
#1332 = CIRCLE('',#1333,1.);
#1333 = AXIS2_PLACEMENT_2D('',#1334,#1335);
#1334 = CARTESIAN_POINT('',(0.,-4.929553796479E-15));
#1335 = DIRECTION('',(1.,-2.422480840977E-16));
#1336 = ( GEOMETRIC_REPRESENTATION_CONTEXT(2)
PARAMETRIC_REPRESENTATION_CONTEXT() REPRESENTATION_CONTEXT('2D SPACE',''
  ) );
#1337 = ORIENTED_EDGE('',*,*,#1282,.F.);
#1338 = ORIENTED_EDGE('',*,*,#1339,.T.);
#1339 = EDGE_CURVE('',#1283,#1283,#1340,.T.);
#1340 = SURFACE_CURVE('',#1341,(#1346,#1353),.PCURVE_S1.);
#1341 = CIRCLE('',#1342,1.);
#1342 = AXIS2_PLACEMENT_3D('',#1343,#1344,#1345);
#1343 = CARTESIAN_POINT('',(-26.79250644282,-11.09781953858,20.));
#1344 = DIRECTION('',(-0.779549051384,0.622414458372,-7.002512760434E-02
    ));
#1345 = DIRECTION('',(-0.623946103923,-0.781467375775,2.775557561563E-17
    ));
#1346 = PCURVE('',#1293,#1347);
#1347 = DEFINITIONAL_REPRESENTATION('',(#1348),#1352);
#1348 = LINE('',#1349,#1350);
#1349 = CARTESIAN_POINT('',(0.,0.));
#1350 = VECTOR('',#1351,1.);
#1351 = DIRECTION('',(1.,0.));
#1352 = ( GEOMETRIC_REPRESENTATION_CONTEXT(2)
PARAMETRIC_REPRESENTATION_CONTEXT() REPRESENTATION_CONTEXT('2D SPACE',''
  ) );
#1353 = PCURVE('',#1354,#1359);
#1354 = PLANE('',#1355);
#1355 = AXIS2_PLACEMENT_3D('',#1356,#1357,#1358);
#1356 = CARTESIAN_POINT('',(-26.79250644282,-11.09781953858,20.));
#1357 = DIRECTION('',(-0.779549051384,0.622414458372,-7.002512760434E-02
    ));
#1358 = DIRECTION('',(-0.623946103923,-0.781467375775,0.));
#1359 = DEFINITIONAL_REPRESENTATION('',(#1360),#1364);
#1360 = CIRCLE('',#1361,1.);
#1361 = AXIS2_PLACEMENT_2D('',#1362,#1363);
#1362 = CARTESIAN_POINT('',(1.388164917725E-15,3.466380160781E-15));
#1363 = DIRECTION('',(1.,-6.921860500044E-18));
#1364 = ( GEOMETRIC_REPRESENTATION_CONTEXT(2)
PARAMETRIC_REPRESENTATION_CONTEXT() REPRESENTATION_CONTEXT('2D SPACE',''
  ) );
#1365 = ADVANCED_FACE('',(#1366),#1354,.F.);
#1366 = FACE_BOUND('',#1367,.F.);
#1367 = EDGE_LOOP('',(#1368));
#1368 = ORIENTED_EDGE('',*,*,#1339,.T.);
#1369 = ADVANCED_FACE('',(#1370),#1326,.T.);
#1370 = FACE_BOUND('',#1371,.T.);
#1371 = EDGE_LOOP('',(#1372));
#1372 = ORIENTED_EDGE('',*,*,#1311,.T.);
#1373 = MANIFOLD_SOLID_BREP('',#1374);
#1374 = CLOSED_SHELL('',(#1375,#1462,#1466));
#1375 = ADVANCED_FACE('',(#1376),#1390,.T.);
#1376 = FACE_BOUND('',#1377,.T.);
#1377 = EDGE_LOOP('',(#1378,#1407,#1434,#1435));
#1378 = ORIENTED_EDGE('',*,*,#1379,.T.);
#1379 = EDGE_CURVE('',#1380,#1382,#1384,.T.);
#1380 = VERTEX_POINT('',#1381);
#1381 = CARTESIAN_POINT('',(-0.295734731083,28.044729897447,-35.));
#1382 = VERTEX_POINT('',#1383);
#1383 = CARTESIAN_POINT('',(-277.4595944844,113.84975960697,
    2.13162820728E-14));
#1384 = SEAM_CURVE('',#1385,(#1389,#1400),.PCURVE_S1.);
#1385 = LINE('',#1386,#1387);
#1386 = CARTESIAN_POINT('',(-0.295734731083,28.044729897447,-35.));
#1387 = VECTOR('',#1388,1.);
#1388 = DIRECTION('',(-0.94839462351,0.293606204355,0.11976241005));
#1389 = PCURVE('',#1390,#1395);
#1390 = CYLINDRICAL_SURFACE('',#1391,1.);
#1391 = AXIS2_PLACEMENT_3D('',#1392,#1393,#1394);
#1392 = CARTESIAN_POINT('',(1.775737858764E-15,29.,-35.));
#1393 = DIRECTION('',(-0.94839462351,0.293606204355,0.11976241005));
#1394 = DIRECTION('',(-0.295734731083,-0.955270102553,
    -6.245004513517E-17));
#1395 = DEFINITIONAL_REPRESENTATION('',(#1396),#1399);
#1396 = B_SPLINE_CURVE_WITH_KNOTS('',1,(#1397,#1398),.UNSPECIFIED.,.F.,
  .F.,(2,2),(0.,292.24528786081),.PIECEWISE_BEZIER_KNOTS.);
#1397 = CARTESIAN_POINT('',(6.28318530718,0.));
#1398 = CARTESIAN_POINT('',(6.28318530718,292.24528786081));
#1399 = ( GEOMETRIC_REPRESENTATION_CONTEXT(2)
PARAMETRIC_REPRESENTATION_CONTEXT() REPRESENTATION_CONTEXT('2D SPACE',''
  ) );
#1400 = PCURVE('',#1390,#1401);
#1401 = DEFINITIONAL_REPRESENTATION('',(#1402),#1406);
#1402 = LINE('',#1403,#1404);
#1403 = CARTESIAN_POINT('',(0.,0.));
#1404 = VECTOR('',#1405,1.);
#1405 = DIRECTION('',(0.,1.));
#1406 = ( GEOMETRIC_REPRESENTATION_CONTEXT(2)
PARAMETRIC_REPRESENTATION_CONTEXT() REPRESENTATION_CONTEXT('2D SPACE',''
  ) );
#1407 = ORIENTED_EDGE('',*,*,#1408,.F.);
#1408 = EDGE_CURVE('',#1382,#1382,#1409,.T.);
#1409 = SURFACE_CURVE('',#1410,(#1415,#1422),.PCURVE_S1.);
#1410 = CIRCLE('',#1411,1.);
#1411 = AXIS2_PLACEMENT_3D('',#1412,#1413,#1414);
#1412 = CARTESIAN_POINT('',(-277.1638597533,114.80502970952,
    2.13162820728E-14));
#1413 = DIRECTION('',(-0.94839462351,0.293606204355,0.11976241005));
#1414 = DIRECTION('',(-0.295734731083,-0.955270102553,
    -6.938893903907E-17));
#1415 = PCURVE('',#1390,#1416);
#1416 = DEFINITIONAL_REPRESENTATION('',(#1417),#1421);
#1417 = LINE('',#1418,#1419);
#1418 = CARTESIAN_POINT('',(0.,292.24528786081));
#1419 = VECTOR('',#1420,1.);
#1420 = DIRECTION('',(1.,0.));
#1421 = ( GEOMETRIC_REPRESENTATION_CONTEXT(2)
PARAMETRIC_REPRESENTATION_CONTEXT() REPRESENTATION_CONTEXT('2D SPACE',''
  ) );
#1422 = PCURVE('',#1423,#1428);
#1423 = PLANE('',#1424);
#1424 = AXIS2_PLACEMENT_3D('',#1425,#1426,#1427);
#1425 = CARTESIAN_POINT('',(-277.1638597533,114.80502970952,
    2.067908777055E-14));
#1426 = DIRECTION('',(-0.94839462351,0.293606204355,0.11976241005));
#1427 = DIRECTION('',(-0.295734731083,-0.955270102553,0.));
#1428 = DEFINITIONAL_REPRESENTATION('',(#1429),#1433);
#1429 = CIRCLE('',#1430,1.);
#1430 = AXIS2_PLACEMENT_2D('',#1431,#1432);
#1431 = CARTESIAN_POINT('',(-2.715040928231E-14,-1.375301897351E-15));
#1432 = DIRECTION('',(1.,1.805055192247E-15));
#1433 = ( GEOMETRIC_REPRESENTATION_CONTEXT(2)
PARAMETRIC_REPRESENTATION_CONTEXT() REPRESENTATION_CONTEXT('2D SPACE',''
  ) );
#1434 = ORIENTED_EDGE('',*,*,#1379,.F.);
#1435 = ORIENTED_EDGE('',*,*,#1436,.T.);
#1436 = EDGE_CURVE('',#1380,#1380,#1437,.T.);
#1437 = SURFACE_CURVE('',#1438,(#1443,#1450),.PCURVE_S1.);
#1438 = CIRCLE('',#1439,1.);
#1439 = AXIS2_PLACEMENT_3D('',#1440,#1441,#1442);
#1440 = CARTESIAN_POINT('',(1.775737858764E-15,29.,-35.));
#1441 = DIRECTION('',(-0.94839462351,0.293606204355,0.11976241005));
#1442 = DIRECTION('',(-0.295734731083,-0.955270102553,
    -6.938893903907E-17));
#1443 = PCURVE('',#1390,#1444);
#1444 = DEFINITIONAL_REPRESENTATION('',(#1445),#1449);
#1445 = LINE('',#1446,#1447);
#1446 = CARTESIAN_POINT('',(0.,0.));
#1447 = VECTOR('',#1448,1.);
#1448 = DIRECTION('',(1.,0.));
#1449 = ( GEOMETRIC_REPRESENTATION_CONTEXT(2)
PARAMETRIC_REPRESENTATION_CONTEXT() REPRESENTATION_CONTEXT('2D SPACE',''
  ) );
#1450 = PCURVE('',#1451,#1456);
#1451 = PLANE('',#1452);
#1452 = AXIS2_PLACEMENT_3D('',#1453,#1454,#1455);
#1453 = CARTESIAN_POINT('',(1.645201409461E-15,29.,-35.));
#1454 = DIRECTION('',(-0.94839462351,0.293606204355,0.11976241005));
#1455 = DIRECTION('',(-0.295734731083,-0.955270102553,
    -6.938893903907E-18));
#1456 = DEFINITIONAL_REPRESENTATION('',(#1457),#1461);
#1457 = CIRCLE('',#1458,1.);
#1458 = AXIS2_PLACEMENT_2D('',#1459,#1460);
#1459 = CARTESIAN_POINT('',(-3.881557282757E-18,1.501586590666E-18));
#1460 = DIRECTION('',(1.,-6.195062387737E-17));
#1461 = ( GEOMETRIC_REPRESENTATION_CONTEXT(2)
PARAMETRIC_REPRESENTATION_CONTEXT() REPRESENTATION_CONTEXT('2D SPACE',''
  ) );
#1462 = ADVANCED_FACE('',(#1463),#1451,.F.);
#1463 = FACE_BOUND('',#1464,.F.);
#1464 = EDGE_LOOP('',(#1465));
#1465 = ORIENTED_EDGE('',*,*,#1436,.T.);
#1466 = ADVANCED_FACE('',(#1467),#1423,.T.);
#1467 = FACE_BOUND('',#1468,.T.);
#1468 = EDGE_LOOP('',(#1469));
#1469 = ORIENTED_EDGE('',*,*,#1408,.T.);
#1470 = MANIFOLD_SOLID_BREP('',#1471);
#1471 = CLOSED_SHELL('',(#1472,#1559,#1563));
#1472 = ADVANCED_FACE('',(#1473),#1487,.T.);
#1473 = FACE_BOUND('',#1474,.T.);
#1474 = EDGE_LOOP('',(#1475,#1504,#1531,#1532));
#1475 = ORIENTED_EDGE('',*,*,#1476,.T.);
#1476 = EDGE_CURVE('',#1477,#1479,#1481,.T.);
#1477 = VERTEX_POINT('',#1478);
#1478 = CARTESIAN_POINT('',(-9.98503765228E-02,28.004997536532,20.));
#1479 = VERTEX_POINT('',#1480);
#1480 = CARTESIAN_POINT('',(-294.3354344974,57.53209414137,
    -2.6645352591E-13));
#1481 = SEAM_CURVE('',#1482,(#1486,#1497),.PCURVE_S1.);
#1482 = LINE('',#1483,#1484);
#1483 = CARTESIAN_POINT('',(-9.98503765228E-02,28.004997536532,20.));
#1484 = VECTOR('',#1485,1.);
#1485 = DIRECTION('',(-0.992734556329,9.962278775781E-02,
    -6.747889173871E-02));
#1486 = PCURVE('',#1487,#1492);
#1487 = CYLINDRICAL_SURFACE('',#1488,1.);
#1488 = AXIS2_PLACEMENT_3D('',#1489,#1490,#1491);
#1489 = CARTESIAN_POINT('',(1.775737858764E-15,29.,20.));
#1490 = DIRECTION('',(-0.992734556329,9.962278775781E-02,
    -6.747889173871E-02));
#1491 = DIRECTION('',(-9.98503765228E-02,-0.995002463468,
    -4.163336342344E-17));
#1492 = DEFINITIONAL_REPRESENTATION('',(#1493),#1496);
#1493 = B_SPLINE_CURVE_WITH_KNOTS('',1,(#1494,#1495),.UNSPECIFIED.,.F.,
  .F.,(2,2),(0.,296.38898157137),.PIECEWISE_BEZIER_KNOTS.);
#1494 = CARTESIAN_POINT('',(6.28318530718,0.));
#1495 = CARTESIAN_POINT('',(6.28318530718,296.38898157137));
#1496 = ( GEOMETRIC_REPRESENTATION_CONTEXT(2)
PARAMETRIC_REPRESENTATION_CONTEXT() REPRESENTATION_CONTEXT('2D SPACE',''
  ) );
#1497 = PCURVE('',#1487,#1498);
#1498 = DEFINITIONAL_REPRESENTATION('',(#1499),#1503);
#1499 = LINE('',#1500,#1501);
#1500 = CARTESIAN_POINT('',(0.,0.));
#1501 = VECTOR('',#1502,1.);
#1502 = DIRECTION('',(0.,1.));
#1503 = ( GEOMETRIC_REPRESENTATION_CONTEXT(2)
PARAMETRIC_REPRESENTATION_CONTEXT() REPRESENTATION_CONTEXT('2D SPACE',''
  ) );
#1504 = ORIENTED_EDGE('',*,*,#1505,.F.);
#1505 = EDGE_CURVE('',#1479,#1479,#1506,.T.);
#1506 = SURFACE_CURVE('',#1507,(#1512,#1519),.PCURVE_S1.);
#1507 = CIRCLE('',#1508,1.);
#1508 = AXIS2_PLACEMENT_3D('',#1509,#1510,#1511);
#1509 = CARTESIAN_POINT('',(-294.2355841209,58.527096604839,
    -2.6645352591E-13));
#1510 = DIRECTION('',(-0.992734556329,9.962278775781E-02,
    -6.747889173871E-02));
#1511 = DIRECTION('',(-9.98503765228E-02,-0.995002463468,
    -4.076600168545E-17));
#1512 = PCURVE('',#1487,#1513);
#1513 = DEFINITIONAL_REPRESENTATION('',(#1514),#1518);
#1514 = LINE('',#1515,#1516);
#1515 = CARTESIAN_POINT('',(0.,296.38898157137));
#1516 = VECTOR('',#1517,1.);
#1517 = DIRECTION('',(1.,0.));
#1518 = ( GEOMETRIC_REPRESENTATION_CONTEXT(2)
PARAMETRIC_REPRESENTATION_CONTEXT() REPRESENTATION_CONTEXT('2D SPACE',''
  ) );
#1519 = PCURVE('',#1520,#1525);
#1520 = PLANE('',#1521);
#1521 = AXIS2_PLACEMENT_3D('',#1522,#1523,#1524);
#1522 = CARTESIAN_POINT('',(-294.2355841209,58.527096604839,
    -2.660672103138E-13));
#1523 = DIRECTION('',(-0.992734556329,9.96227877578E-02,
    -6.747889173869E-02));
#1524 = DIRECTION('',(-9.98503765228E-02,-0.995002463468,0.));
#1525 = DEFINITIONAL_REPRESENTATION('',(#1526),#1530);
#1526 = CIRCLE('',#1527,1.);
#1527 = AXIS2_PLACEMENT_2D('',#1528,#1529);
#1528 = CARTESIAN_POINT('',(-1.413983544962E-14,-1.926164270662E-16));
#1529 = DIRECTION('',(1.,3.522155521268E-16));
#1530 = ( GEOMETRIC_REPRESENTATION_CONTEXT(2)
PARAMETRIC_REPRESENTATION_CONTEXT() REPRESENTATION_CONTEXT('2D SPACE',''
  ) );
#1531 = ORIENTED_EDGE('',*,*,#1476,.F.);
#1532 = ORIENTED_EDGE('',*,*,#1533,.T.);
#1533 = EDGE_CURVE('',#1477,#1477,#1534,.T.);
#1534 = SURFACE_CURVE('',#1535,(#1540,#1547),.PCURVE_S1.);
#1535 = CIRCLE('',#1536,1.);
#1536 = AXIS2_PLACEMENT_3D('',#1537,#1538,#1539);
#1537 = CARTESIAN_POINT('',(1.775737858764E-15,29.,20.));
#1538 = DIRECTION('',(-0.992734556329,9.962278775781E-02,
    -6.747889173871E-02));
#1539 = DIRECTION('',(-9.98503765228E-02,-0.995002463468,
    -4.076600168545E-17));
#1540 = PCURVE('',#1487,#1541);
#1541 = DEFINITIONAL_REPRESENTATION('',(#1542),#1546);
#1542 = LINE('',#1543,#1544);
#1543 = CARTESIAN_POINT('',(0.,0.));
#1544 = VECTOR('',#1545,1.);
#1545 = DIRECTION('',(1.,0.));
#1546 = ( GEOMETRIC_REPRESENTATION_CONTEXT(2)
PARAMETRIC_REPRESENTATION_CONTEXT() REPRESENTATION_CONTEXT('2D SPACE',''
  ) );
#1547 = PCURVE('',#1548,#1553);
#1548 = PLANE('',#1549);
#1549 = AXIS2_PLACEMENT_3D('',#1550,#1551,#1552);
#1550 = CARTESIAN_POINT('',(1.781411266414E-15,29.,20.));
#1551 = DIRECTION('',(-0.992734556329,9.962278775781E-02,
    -6.747889173871E-02));
#1552 = DIRECTION('',(-9.98503765228E-02,-0.995002463468,
    -8.673617379884E-19));
#1553 = DEFINITIONAL_REPRESENTATION('',(#1554),#1558);
#1554 = CIRCLE('',#1555,1.);
#1555 = AXIS2_PLACEMENT_2D('',#1556,#1557);
#1556 = CARTESIAN_POINT('',(-3.546270534061E-15,3.560947208804E-15));
#1557 = DIRECTION('',(1.,-4.326726112915E-17));
#1558 = ( GEOMETRIC_REPRESENTATION_CONTEXT(2)
PARAMETRIC_REPRESENTATION_CONTEXT() REPRESENTATION_CONTEXT('2D SPACE',''
  ) );
#1559 = ADVANCED_FACE('',(#1560),#1548,.F.);
#1560 = FACE_BOUND('',#1561,.F.);
#1561 = EDGE_LOOP('',(#1562));
#1562 = ORIENTED_EDGE('',*,*,#1533,.T.);
#1563 = ADVANCED_FACE('',(#1564),#1520,.T.);
#1564 = FACE_BOUND('',#1565,.T.);
#1565 = EDGE_LOOP('',(#1566));
#1566 = ORIENTED_EDGE('',*,*,#1505,.T.);
#1567 = MANIFOLD_SOLID_BREP('',#1568);
#1568 = CLOSED_SHELL('',(#1569,#1656,#1660));
#1569 = ADVANCED_FACE('',(#1570),#1584,.T.);
#1570 = FACE_BOUND('',#1571,.T.);
#1571 = EDGE_LOOP('',(#1572,#1601,#1628,#1629));
#1572 = ORIENTED_EDGE('',*,*,#1573,.T.);
#1573 = EDGE_CURVE('',#1574,#1576,#1578,.T.);
#1574 = VERTEX_POINT('',#1575);
#1575 = CARTESIAN_POINT('',(-11.21808843812,-26.79250644282,
    -35.99274135191));
#1576 = VERTEX_POINT('',#1577);
#1577 = CARTESIAN_POINT('',(-300.1202688995,-3.37507799486E-13,
    -0.992741351916));
#1578 = SEAM_CURVE('',#1579,(#1583,#1594),.PCURVE_S1.);
#1579 = LINE('',#1580,#1581);
#1580 = CARTESIAN_POINT('',(-11.21808843812,-26.79250644282,
    -35.99274135191));
#1581 = VECTOR('',#1582,1.);
#1582 = DIRECTION('',(-0.988560611451,9.167814693932E-02,0.11976241005)
  );
#1583 = PCURVE('',#1584,#1589);
#1584 = CYLINDRICAL_SURFACE('',#1585,1.);
#1585 = AXIS2_PLACEMENT_3D('',#1586,#1587,#1588);
#1586 = CARTESIAN_POINT('',(-11.09781953858,-26.79250644282,-35.));
#1587 = DIRECTION('',(-0.988560611451,9.167814693932E-02,0.11976241005)
  );
#1588 = DIRECTION('',(-0.120268899534,1.734723475977E-18,-0.992741351916
    ));
#1589 = DEFINITIONAL_REPRESENTATION('',(#1590),#1593);
#1590 = B_SPLINE_CURVE_WITH_KNOTS('',1,(#1591,#1592),.UNSPECIFIED.,.F.,
  .F.,(2,2),(0.,292.24528786081),.PIECEWISE_BEZIER_KNOTS.);
#1591 = CARTESIAN_POINT('',(6.28318530718,0.));
#1592 = CARTESIAN_POINT('',(6.28318530718,292.24528786081));
#1593 = ( GEOMETRIC_REPRESENTATION_CONTEXT(2)
PARAMETRIC_REPRESENTATION_CONTEXT() REPRESENTATION_CONTEXT('2D SPACE',''
  ) );
#1594 = PCURVE('',#1584,#1595);
#1595 = DEFINITIONAL_REPRESENTATION('',(#1596),#1600);
#1596 = LINE('',#1597,#1598);
#1597 = CARTESIAN_POINT('',(0.,0.));
#1598 = VECTOR('',#1599,1.);
#1599 = DIRECTION('',(0.,1.));
#1600 = ( GEOMETRIC_REPRESENTATION_CONTEXT(2)
PARAMETRIC_REPRESENTATION_CONTEXT() REPRESENTATION_CONTEXT('2D SPACE',''
  ) );
#1601 = ORIENTED_EDGE('',*,*,#1602,.F.);
#1602 = EDGE_CURVE('',#1576,#1576,#1603,.T.);
#1603 = SURFACE_CURVE('',#1604,(#1609,#1616),.PCURVE_S1.);
#1604 = CIRCLE('',#1605,1.);
#1605 = AXIS2_PLACEMENT_3D('',#1606,#1607,#1608);
#1606 = CARTESIAN_POINT('',(-300.,-3.37507799486E-13,1.42108547152E-14)
  );
#1607 = DIRECTION('',(-0.988560611451,9.167814693932E-02,0.11976241005)
  );
#1608 = DIRECTION('',(-0.120268899534,1.734723475977E-18,-0.992741351916
    ));
#1609 = PCURVE('',#1584,#1610);
#1610 = DEFINITIONAL_REPRESENTATION('',(#1611),#1615);
#1611 = LINE('',#1612,#1613);
#1612 = CARTESIAN_POINT('',(0.,292.24528786081));
#1613 = VECTOR('',#1614,1.);
#1614 = DIRECTION('',(1.,0.));
#1615 = ( GEOMETRIC_REPRESENTATION_CONTEXT(2)
PARAMETRIC_REPRESENTATION_CONTEXT() REPRESENTATION_CONTEXT('2D SPACE',''
  ) );
#1616 = PCURVE('',#1617,#1622);
#1617 = PLANE('',#1618);
#1618 = AXIS2_PLACEMENT_3D('',#1619,#1620,#1621);
#1619 = CARTESIAN_POINT('',(-300.,-3.371765758787E-13,1.427265638338E-14
    ));
#1620 = DIRECTION('',(-0.988560611451,9.167814693933E-02,0.11976241005)
  );
#1621 = DIRECTION('',(-0.120268899534,1.734723475977E-18,-0.992741351916
    ));
#1622 = DEFINITIONAL_REPRESENTATION('',(#1623),#1627);
#1623 = CIRCLE('',#1624,1.);
#1624 = AXIS2_PLACEMENT_2D('',#1625,#1626);
#1625 = CARTESIAN_POINT('',(5.68627785712E-17,3.257492960824E-16));
#1626 = DIRECTION('',(1.,-1.033895191682E-15));
#1627 = ( GEOMETRIC_REPRESENTATION_CONTEXT(2)
PARAMETRIC_REPRESENTATION_CONTEXT() REPRESENTATION_CONTEXT('2D SPACE',''
  ) );
#1628 = ORIENTED_EDGE('',*,*,#1573,.F.);
#1629 = ORIENTED_EDGE('',*,*,#1630,.T.);
#1630 = EDGE_CURVE('',#1574,#1574,#1631,.T.);
#1631 = SURFACE_CURVE('',#1632,(#1637,#1644),.PCURVE_S1.);
#1632 = CIRCLE('',#1633,1.);
#1633 = AXIS2_PLACEMENT_3D('',#1634,#1635,#1636);
#1634 = CARTESIAN_POINT('',(-11.09781953858,-26.79250644282,-35.));
#1635 = DIRECTION('',(-0.988560611451,9.167814693932E-02,0.11976241005)
  );
#1636 = DIRECTION('',(-0.120268899534,1.734723475977E-18,-0.992741351916
    ));
#1637 = PCURVE('',#1584,#1638);
#1638 = DEFINITIONAL_REPRESENTATION('',(#1639),#1643);
#1639 = LINE('',#1640,#1641);
#1640 = CARTESIAN_POINT('',(0.,0.));
#1641 = VECTOR('',#1642,1.);
#1642 = DIRECTION('',(1.,0.));
#1643 = ( GEOMETRIC_REPRESENTATION_CONTEXT(2)
PARAMETRIC_REPRESENTATION_CONTEXT() REPRESENTATION_CONTEXT('2D SPACE',''
  ) );
#1644 = PCURVE('',#1645,#1650);
#1645 = PLANE('',#1646);
#1646 = AXIS2_PLACEMENT_3D('',#1647,#1648,#1649);
#1647 = CARTESIAN_POINT('',(-11.09781953858,-26.79250644282,-35.));
#1648 = DIRECTION('',(-0.988560611451,9.167814693932E-02,0.11976241005)
  );
#1649 = DIRECTION('',(-0.120268899534,-1.734723475977E-18,
    -0.992741351916));
#1650 = DEFINITIONAL_REPRESENTATION('',(#1651),#1655);
#1651 = CIRCLE('',#1652,1.);
#1652 = AXIS2_PLACEMENT_2D('',#1653,#1654);
#1653 = CARTESIAN_POINT('',(7.267492043183E-15,3.621078460033E-15));
#1654 = DIRECTION('',(1.,-1.561251128379E-17));
#1655 = ( GEOMETRIC_REPRESENTATION_CONTEXT(2)
PARAMETRIC_REPRESENTATION_CONTEXT() REPRESENTATION_CONTEXT('2D SPACE',''
  ) );
#1656 = ADVANCED_FACE('',(#1657),#1645,.F.);
#1657 = FACE_BOUND('',#1658,.F.);
#1658 = EDGE_LOOP('',(#1659));
#1659 = ORIENTED_EDGE('',*,*,#1630,.T.);
#1660 = ADVANCED_FACE('',(#1661),#1617,.T.);
#1661 = FACE_BOUND('',#1662,.T.);
#1662 = EDGE_LOOP('',(#1663));
#1663 = ORIENTED_EDGE('',*,*,#1602,.T.);
#1664 = MANIFOLD_SOLID_BREP('',#1665);
#1665 = CLOSED_SHELL('',(#1666,#1753,#1757));
#1666 = ADVANCED_FACE('',(#1667),#1681,.T.);
#1667 = FACE_BOUND('',#1668,.T.);
#1668 = EDGE_LOOP('',(#1669,#1698,#1725,#1726));
#1669 = ORIENTED_EDGE('',*,*,#1670,.T.);
#1670 = EDGE_CURVE('',#1671,#1673,#1675,.T.);
#1671 = VERTEX_POINT('',#1672);
#1672 = CARTESIAN_POINT('',(-10.98643517908,-27.78628384469,20.));
#1673 = VERTEX_POINT('',#1674);
#1674 = CARTESIAN_POINT('',(-294.1241997614,-59.5208740067,
    3.730349362741E-13));
#1675 = SEAM_CURVE('',#1676,(#1680,#1691),.PCURVE_S1.);
#1676 = LINE('',#1677,#1678);
#1677 = CARTESIAN_POINT('',(-10.98643517908,-27.78628384469,20.));
#1678 = VECTOR('',#1679,1.);
#1679 = DIRECTION('',(-0.991337904724,-0.111110936278,
    -7.002512760434E-02));
#1680 = PCURVE('',#1681,#1686);
#1681 = CYLINDRICAL_SURFACE('',#1682,1.);
#1682 = AXIS2_PLACEMENT_3D('',#1683,#1684,#1685);
#1683 = CARTESIAN_POINT('',(-11.09781953858,-26.79250644282,20.));
#1684 = DIRECTION('',(-0.991337904724,-0.111110936278,
    -7.002512760434E-02));
#1685 = DIRECTION('',(0.111384359508,-0.993777401865,1.734723475977E-17)
  );
#1686 = DEFINITIONAL_REPRESENTATION('',(#1687),#1690);
#1687 = B_SPLINE_CURVE_WITH_KNOTS('',1,(#1688,#1689),.UNSPECIFIED.,.F.,
  .F.,(2,2),(0.,285.61176086684),.PIECEWISE_BEZIER_KNOTS.);
#1688 = CARTESIAN_POINT('',(6.28318530718,0.));
#1689 = CARTESIAN_POINT('',(6.28318530718,285.61176086684));
#1690 = ( GEOMETRIC_REPRESENTATION_CONTEXT(2)
PARAMETRIC_REPRESENTATION_CONTEXT() REPRESENTATION_CONTEXT('2D SPACE',''
  ) );
#1691 = PCURVE('',#1681,#1692);
#1692 = DEFINITIONAL_REPRESENTATION('',(#1693),#1697);
#1693 = LINE('',#1694,#1695);
#1694 = CARTESIAN_POINT('',(0.,0.));
#1695 = VECTOR('',#1696,1.);
#1696 = DIRECTION('',(0.,1.));
#1697 = ( GEOMETRIC_REPRESENTATION_CONTEXT(2)
PARAMETRIC_REPRESENTATION_CONTEXT() REPRESENTATION_CONTEXT('2D SPACE',''
  ) );
#1698 = ORIENTED_EDGE('',*,*,#1699,.F.);
#1699 = EDGE_CURVE('',#1673,#1673,#1700,.T.);
#1700 = SURFACE_CURVE('',#1701,(#1706,#1713),.PCURVE_S1.);
#1701 = CIRCLE('',#1702,1.);
#1702 = AXIS2_PLACEMENT_3D('',#1703,#1704,#1705);
#1703 = CARTESIAN_POINT('',(-294.2355841209,-58.52709660483,
    3.730349362741E-13));
#1704 = DIRECTION('',(-0.991337904724,-0.111110936278,
    -7.002512760434E-02));
#1705 = DIRECTION('',(0.111384359508,-0.993777401865,1.647987302178E-17)
  );
#1706 = PCURVE('',#1681,#1707);
#1707 = DEFINITIONAL_REPRESENTATION('',(#1708),#1712);
#1708 = LINE('',#1709,#1710);
#1709 = CARTESIAN_POINT('',(0.,285.61176086684));
#1710 = VECTOR('',#1711,1.);
#1711 = DIRECTION('',(1.,0.));
#1712 = ( GEOMETRIC_REPRESENTATION_CONTEXT(2)
PARAMETRIC_REPRESENTATION_CONTEXT() REPRESENTATION_CONTEXT('2D SPACE',''
  ) );
#1713 = PCURVE('',#1714,#1719);
#1714 = PLANE('',#1715);
#1715 = AXIS2_PLACEMENT_3D('',#1716,#1717,#1718);
#1716 = CARTESIAN_POINT('',(-294.2355841209,-58.52709660483,
    3.727570872793E-13));
#1717 = DIRECTION('',(-0.991337904724,-0.111110936278,
    -7.002512760434E-02));
#1718 = DIRECTION('',(0.111384359508,-0.993777401865,8.673617379884E-19)
  );
#1719 = DEFINITIONAL_REPRESENTATION('',(#1720),#1724);
#1720 = CIRCLE('',#1721,1.);
#1721 = AXIS2_PLACEMENT_2D('',#1722,#1723);
#1722 = CARTESIAN_POINT('',(-7.061213138575E-15,-3.826211302804E-15));
#1723 = DIRECTION('',(1.,8.392755856304E-17));
#1724 = ( GEOMETRIC_REPRESENTATION_CONTEXT(2)
PARAMETRIC_REPRESENTATION_CONTEXT() REPRESENTATION_CONTEXT('2D SPACE',''
  ) );
#1725 = ORIENTED_EDGE('',*,*,#1670,.F.);
#1726 = ORIENTED_EDGE('',*,*,#1727,.T.);
#1727 = EDGE_CURVE('',#1671,#1671,#1728,.T.);
#1728 = SURFACE_CURVE('',#1729,(#1734,#1741),.PCURVE_S1.);
#1729 = CIRCLE('',#1730,1.);
#1730 = AXIS2_PLACEMENT_3D('',#1731,#1732,#1733);
#1731 = CARTESIAN_POINT('',(-11.09781953858,-26.79250644282,20.));
#1732 = DIRECTION('',(-0.991337904724,-0.111110936278,
    -7.002512760434E-02));
#1733 = DIRECTION('',(0.111384359508,-0.993777401865,1.647987302178E-17)
  );
#1734 = PCURVE('',#1681,#1735);
#1735 = DEFINITIONAL_REPRESENTATION('',(#1736),#1740);
#1736 = LINE('',#1737,#1738);
#1737 = CARTESIAN_POINT('',(0.,0.));
#1738 = VECTOR('',#1739,1.);
#1739 = DIRECTION('',(1.,0.));
#1740 = ( GEOMETRIC_REPRESENTATION_CONTEXT(2)
PARAMETRIC_REPRESENTATION_CONTEXT() REPRESENTATION_CONTEXT('2D SPACE',''
  ) );
#1741 = PCURVE('',#1742,#1747);
#1742 = PLANE('',#1743);
#1743 = AXIS2_PLACEMENT_3D('',#1744,#1745,#1746);
#1744 = CARTESIAN_POINT('',(-11.09781953858,-26.79250644282,20.));
#1745 = DIRECTION('',(-0.991337904724,-0.111110936278,
    -7.002512760434E-02));
#1746 = DIRECTION('',(0.111384359508,-0.993777401865,0.));
#1747 = DEFINITIONAL_REPRESENTATION('',(#1748),#1752);
#1748 = CIRCLE('',#1749,1.);
#1749 = AXIS2_PLACEMENT_2D('',#1750,#1751);
#1750 = CARTESIAN_POINT('',(3.530606569288E-15,2.771011504753E-17));
#1751 = DIRECTION('',(1.,5.193524550516E-18));
#1752 = ( GEOMETRIC_REPRESENTATION_CONTEXT(2)
PARAMETRIC_REPRESENTATION_CONTEXT() REPRESENTATION_CONTEXT('2D SPACE',''
  ) );
#1753 = ADVANCED_FACE('',(#1754),#1742,.F.);
#1754 = FACE_BOUND('',#1755,.F.);
#1755 = EDGE_LOOP('',(#1756));
#1756 = ORIENTED_EDGE('',*,*,#1727,.T.);
#1757 = ADVANCED_FACE('',(#1758),#1714,.T.);
#1758 = FACE_BOUND('',#1759,.T.);
#1759 = EDGE_LOOP('',(#1760));
#1760 = ORIENTED_EDGE('',*,*,#1699,.T.);
#1761 = MANIFOLD_SOLID_BREP('',#1762);
#1762 = CLOSED_SHELL('',(#1763,#1850,#1854));
#1763 = ADVANCED_FACE('',(#1764),#1778,.T.);
#1764 = FACE_BOUND('',#1765,.T.);
#1765 = EDGE_LOOP('',(#1766,#1795,#1822,#1823));
#1766 = ORIENTED_EDGE('',*,*,#1767,.T.);
#1767 = EDGE_CURVE('',#1768,#1770,#1772,.T.);
#1768 = VERTEX_POINT('',#1769);
#1769 = CARTESIAN_POINT('',(-20.03973472081,19.621502653249,-35.));
#1770 = VERTEX_POINT('',#1771);
#1771 = CARTESIAN_POINT('',(-276.6974978197,-115.6896237106,
    3.552713678801E-14));
#1772 = SEAM_CURVE('',#1773,(#1777,#1788),.PCURVE_S1.);
#1773 = LINE('',#1774,#1775);
#1774 = CARTESIAN_POINT('',(-20.03973472081,19.621502653249,-35.));
#1775 = VECTOR('',#1776,1.);
#1776 = DIRECTION('',(-0.878227207623,-0.463005331427,0.11976241005));
#1777 = PCURVE('',#1778,#1783);
#1778 = CYLINDRICAL_SURFACE('',#1779,1.);
#1779 = AXIS2_PLACEMENT_3D('',#1780,#1781,#1782);
#1780 = CARTESIAN_POINT('',(-20.50609665441,20.50609665441,-35.));
#1781 = DIRECTION('',(-0.878227207623,-0.463005331427,0.11976241005));
#1782 = DIRECTION('',(0.466361933598,-0.884594001161,1.387778780781E-16)
  );
#1783 = DEFINITIONAL_REPRESENTATION('',(#1784),#1787);
#1784 = B_SPLINE_CURVE_WITH_KNOTS('',1,(#1785,#1786),.UNSPECIFIED.,.F.,
  .F.,(2,2),(0.,292.24528786081),.PIECEWISE_BEZIER_KNOTS.);
#1785 = CARTESIAN_POINT('',(6.28318530718,0.));
#1786 = CARTESIAN_POINT('',(6.28318530718,292.24528786081));
#1787 = ( GEOMETRIC_REPRESENTATION_CONTEXT(2)
PARAMETRIC_REPRESENTATION_CONTEXT() REPRESENTATION_CONTEXT('2D SPACE',''
  ) );
#1788 = PCURVE('',#1778,#1789);
#1789 = DEFINITIONAL_REPRESENTATION('',(#1790),#1794);
#1790 = LINE('',#1791,#1792);
#1791 = CARTESIAN_POINT('',(0.,0.));
#1792 = VECTOR('',#1793,1.);
#1793 = DIRECTION('',(0.,1.));
#1794 = ( GEOMETRIC_REPRESENTATION_CONTEXT(2)
PARAMETRIC_REPRESENTATION_CONTEXT() REPRESENTATION_CONTEXT('2D SPACE',''
  ) );
#1795 = ORIENTED_EDGE('',*,*,#1796,.F.);
#1796 = EDGE_CURVE('',#1770,#1770,#1797,.T.);
#1797 = SURFACE_CURVE('',#1798,(#1803,#1810),.PCURVE_S1.);
#1798 = CIRCLE('',#1799,1.);
#1799 = AXIS2_PLACEMENT_3D('',#1800,#1801,#1802);
#1800 = CARTESIAN_POINT('',(-277.1638597533,-114.8050297095,
    3.552713678801E-14));
#1801 = DIRECTION('',(-0.878227207623,-0.463005331427,0.11976241005));
#1802 = DIRECTION('',(0.466361933598,-0.884594001161,1.387778780781E-16)
  );
#1803 = PCURVE('',#1778,#1804);
#1804 = DEFINITIONAL_REPRESENTATION('',(#1805),#1809);
#1805 = LINE('',#1806,#1807);
#1806 = CARTESIAN_POINT('',(0.,292.24528786081));
#1807 = VECTOR('',#1808,1.);
#1808 = DIRECTION('',(1.,0.));
#1809 = ( GEOMETRIC_REPRESENTATION_CONTEXT(2)
PARAMETRIC_REPRESENTATION_CONTEXT() REPRESENTATION_CONTEXT('2D SPACE',''
  ) );
#1810 = PCURVE('',#1811,#1816);
#1811 = PLANE('',#1812);
#1812 = AXIS2_PLACEMENT_3D('',#1813,#1814,#1815);
#1813 = CARTESIAN_POINT('',(-277.1638597533,-114.8050297095,
    3.466276664838E-14));
#1814 = DIRECTION('',(-0.878227207623,-0.463005331427,0.11976241005));
#1815 = DIRECTION('',(0.466361933598,-0.884594001161,-6.938893903907E-18
    ));
#1816 = DEFINITIONAL_REPRESENTATION('',(#1817),#1821);
#1817 = CIRCLE('',#1818,1.);
#1818 = AXIS2_PLACEMENT_2D('',#1819,#1820);
#1819 = CARTESIAN_POINT('',(-5.83331013802E-32,8.346179437066E-15));
#1820 = DIRECTION('',(1.,-8.266242712496E-16));
#1821 = ( GEOMETRIC_REPRESENTATION_CONTEXT(2)
PARAMETRIC_REPRESENTATION_CONTEXT() REPRESENTATION_CONTEXT('2D SPACE',''
  ) );
#1822 = ORIENTED_EDGE('',*,*,#1767,.F.);
#1823 = ORIENTED_EDGE('',*,*,#1824,.T.);
#1824 = EDGE_CURVE('',#1768,#1768,#1825,.T.);
#1825 = SURFACE_CURVE('',#1826,(#1831,#1838),.PCURVE_S1.);
#1826 = CIRCLE('',#1827,1.);
#1827 = AXIS2_PLACEMENT_3D('',#1828,#1829,#1830);
#1828 = CARTESIAN_POINT('',(-20.50609665441,20.50609665441,-35.));
#1829 = DIRECTION('',(-0.878227207623,-0.463005331427,0.11976241005));
#1830 = DIRECTION('',(0.466361933598,-0.884594001161,1.387778780781E-16)
  );
#1831 = PCURVE('',#1778,#1832);
#1832 = DEFINITIONAL_REPRESENTATION('',(#1833),#1837);
#1833 = LINE('',#1834,#1835);
#1834 = CARTESIAN_POINT('',(0.,0.));
#1835 = VECTOR('',#1836,1.);
#1836 = DIRECTION('',(1.,0.));
#1837 = ( GEOMETRIC_REPRESENTATION_CONTEXT(2)
PARAMETRIC_REPRESENTATION_CONTEXT() REPRESENTATION_CONTEXT('2D SPACE',''
  ) );
#1838 = PCURVE('',#1839,#1844);
#1839 = PLANE('',#1840);
#1840 = AXIS2_PLACEMENT_3D('',#1841,#1842,#1843);
#1841 = CARTESIAN_POINT('',(-20.50609665441,20.50609665441,-35.));
#1842 = DIRECTION('',(-0.878227207623,-0.463005331427,0.11976241005));
#1843 = DIRECTION('',(0.466361933598,-0.884594001161,0.));
#1844 = DEFINITIONAL_REPRESENTATION('',(#1845),#1849);
#1845 = CIRCLE('',#1846,1.);
#1846 = AXIS2_PLACEMENT_2D('',#1847,#1848);
#1847 = CARTESIAN_POINT('',(0.,7.054286620803E-15));
#1848 = DIRECTION('',(1.,1.102232284501E-16));
#1849 = ( GEOMETRIC_REPRESENTATION_CONTEXT(2)
PARAMETRIC_REPRESENTATION_CONTEXT() REPRESENTATION_CONTEXT('2D SPACE',''
  ) );
#1850 = ADVANCED_FACE('',(#1851),#1839,.F.);
#1851 = FACE_BOUND('',#1852,.F.);
#1852 = EDGE_LOOP('',(#1853));
#1853 = ORIENTED_EDGE('',*,*,#1824,.T.);
#1854 = ADVANCED_FACE('',(#1855),#1811,.T.);
#1855 = FACE_BOUND('',#1856,.T.);
#1856 = EDGE_LOOP('',(#1857));
#1857 = ORIENTED_EDGE('',*,*,#1796,.T.);
#1858 = MANIFOLD_SOLID_BREP('',#1859);
#1859 = CLOSED_SHELL('',(#1860,#1947,#1951));
#1860 = ADVANCED_FACE('',(#1861),#1875,.T.);
#1861 = FACE_BOUND('',#1862,.T.);
#1862 = EDGE_LOOP('',(#1863,#1892,#1919,#1920));
#1863 = ORIENTED_EDGE('',*,*,#1864,.T.);
#1864 = EDGE_CURVE('',#1865,#1867,#1869,.T.);
#1865 = VERTEX_POINT('',#1866);
#1866 = CARTESIAN_POINT('',(-19.87312854353,19.731918786851,20.));
#1867 = VERTEX_POINT('',#1868);
#1868 = CARTESIAN_POINT('',(-248.8079155798,-167.4452477734,
    -2.84217094304E-13));
#1869 = SEAM_CURVE('',#1870,(#1874,#1885),.PCURVE_S1.);
#1870 = LINE('',#1871,#1872);
#1871 = CARTESIAN_POINT('',(-19.87312854353,19.731918786851,20.));
#1872 = VECTOR('',#1873,1.);
#1873 = DIRECTION('',(-0.772413285482,-0.631525387914,
    -6.747889173871E-02));
#1874 = PCURVE('',#1875,#1880);
#1875 = CYLINDRICAL_SURFACE('',#1876,1.);
#1876 = AXIS2_PLACEMENT_3D('',#1877,#1878,#1879);
#1877 = CARTESIAN_POINT('',(-20.50609665441,20.50609665441,20.));
#1878 = DIRECTION('',(-0.772413285482,-0.631525387914,
    -6.747889173871E-02));
#1879 = DIRECTION('',(0.632968110873,-0.774177867559,-9.71445146547E-17)
  );
#1880 = DEFINITIONAL_REPRESENTATION('',(#1881),#1884);
#1881 = B_SPLINE_CURVE_WITH_KNOTS('',1,(#1882,#1883),.UNSPECIFIED.,.F.,
  .F.,(2,2),(0.,296.38898157137),.PIECEWISE_BEZIER_KNOTS.);
#1882 = CARTESIAN_POINT('',(6.28318530718,0.));
#1883 = CARTESIAN_POINT('',(6.28318530718,296.38898157137));
#1884 = ( GEOMETRIC_REPRESENTATION_CONTEXT(2)
PARAMETRIC_REPRESENTATION_CONTEXT() REPRESENTATION_CONTEXT('2D SPACE',''
  ) );
#1885 = PCURVE('',#1875,#1886);
#1886 = DEFINITIONAL_REPRESENTATION('',(#1887),#1891);
#1887 = LINE('',#1888,#1889);
#1888 = CARTESIAN_POINT('',(0.,0.));
#1889 = VECTOR('',#1890,1.);
#1890 = DIRECTION('',(0.,1.));
#1891 = ( GEOMETRIC_REPRESENTATION_CONTEXT(2)
PARAMETRIC_REPRESENTATION_CONTEXT() REPRESENTATION_CONTEXT('2D SPACE',''
  ) );
#1892 = ORIENTED_EDGE('',*,*,#1893,.F.);
#1893 = EDGE_CURVE('',#1867,#1867,#1894,.T.);
#1894 = SURFACE_CURVE('',#1895,(#1900,#1907),.PCURVE_S1.);
#1895 = CIRCLE('',#1896,1.);
#1896 = AXIS2_PLACEMENT_3D('',#1897,#1898,#1899);
#1897 = CARTESIAN_POINT('',(-249.4408836907,-166.6710699058,
    -2.84217094304E-13));
#1898 = DIRECTION('',(-0.772413285482,-0.631525387914,
    -6.747889173871E-02));
#1899 = DIRECTION('',(0.632968110873,-0.774177867559,-1.040834085586E-16
    ));
#1900 = PCURVE('',#1875,#1901);
#1901 = DEFINITIONAL_REPRESENTATION('',(#1902),#1906);
#1902 = LINE('',#1903,#1904);
#1903 = CARTESIAN_POINT('',(0.,296.38898157137));
#1904 = VECTOR('',#1905,1.);
#1905 = DIRECTION('',(1.,0.));
#1906 = ( GEOMETRIC_REPRESENTATION_CONTEXT(2)
PARAMETRIC_REPRESENTATION_CONTEXT() REPRESENTATION_CONTEXT('2D SPACE',''
  ) );
#1907 = PCURVE('',#1908,#1913);
#1908 = PLANE('',#1909);
#1909 = AXIS2_PLACEMENT_3D('',#1910,#1911,#1912);
#1910 = CARTESIAN_POINT('',(-249.4408836907,-166.6710699058,
    -2.848921169839E-13));
#1911 = DIRECTION('',(-0.772413285482,-0.631525387914,
    -6.747889173871E-02));
#1912 = DIRECTION('',(0.632968110873,-0.774177867559,-6.938893903907E-18
    ));
#1913 = DEFINITIONAL_REPRESENTATION('',(#1914),#1918);
#1914 = CIRCLE('',#1915,1.);
#1915 = AXIS2_PLACEMENT_2D('',#1916,#1917);
#1916 = CARTESIAN_POINT('',(-2.334600923551E-32,3.356845780548E-15));
#1917 = DIRECTION('',(1.,-5.330453818399E-16));
#1918 = ( GEOMETRIC_REPRESENTATION_CONTEXT(2)
PARAMETRIC_REPRESENTATION_CONTEXT() REPRESENTATION_CONTEXT('2D SPACE',''
  ) );
#1919 = ORIENTED_EDGE('',*,*,#1864,.F.);
#1920 = ORIENTED_EDGE('',*,*,#1921,.T.);
#1921 = EDGE_CURVE('',#1865,#1865,#1922,.T.);
#1922 = SURFACE_CURVE('',#1923,(#1928,#1935),.PCURVE_S1.);
#1923 = CIRCLE('',#1924,1.);
#1924 = AXIS2_PLACEMENT_3D('',#1925,#1926,#1927);
#1925 = CARTESIAN_POINT('',(-20.50609665441,20.50609665441,20.));
#1926 = DIRECTION('',(-0.772413285482,-0.631525387914,
    -6.747889173871E-02));
#1927 = DIRECTION('',(0.632968110873,-0.774177867559,-1.040834085586E-16
    ));
#1928 = PCURVE('',#1875,#1929);
#1929 = DEFINITIONAL_REPRESENTATION('',(#1930),#1934);
#1930 = LINE('',#1931,#1932);
#1931 = CARTESIAN_POINT('',(0.,0.));
#1932 = VECTOR('',#1933,1.);
#1933 = DIRECTION('',(1.,0.));
#1934 = ( GEOMETRIC_REPRESENTATION_CONTEXT(2)
PARAMETRIC_REPRESENTATION_CONTEXT() REPRESENTATION_CONTEXT('2D SPACE',''
  ) );
#1935 = PCURVE('',#1936,#1941);
#1936 = PLANE('',#1937);
#1937 = AXIS2_PLACEMENT_3D('',#1938,#1939,#1940);
#1938 = CARTESIAN_POINT('',(-20.50609665441,20.50609665441,20.));
#1939 = DIRECTION('',(-0.772413285482,-0.631525387914,
    -6.747889173871E-02));
#1940 = DIRECTION('',(0.632968110873,-0.774177867559,0.));
#1941 = DEFINITIONAL_REPRESENTATION('',(#1942),#1946);
#1942 = CIRCLE('',#1943,1.);
#1943 = AXIS2_PLACEMENT_2D('',#1944,#1945);
#1944 = CARTESIAN_POINT('',(-2.750432299902E-15,-1.517434591407E-16));
#1945 = DIRECTION('',(1.,-5.538462477445E-17));
#1946 = ( GEOMETRIC_REPRESENTATION_CONTEXT(2)
PARAMETRIC_REPRESENTATION_CONTEXT() REPRESENTATION_CONTEXT('2D SPACE',''
  ) );
#1947 = ADVANCED_FACE('',(#1948),#1936,.F.);
#1948 = FACE_BOUND('',#1949,.F.);
#1949 = EDGE_LOOP('',(#1950));
#1950 = ORIENTED_EDGE('',*,*,#1921,.T.);
#1951 = ADVANCED_FACE('',(#1952),#1908,.T.);
#1952 = FACE_BOUND('',#1953,.T.);
#1953 = EDGE_LOOP('',(#1954));
#1954 = ORIENTED_EDGE('',*,*,#1893,.T.);
#1955 = MANIFOLD_SOLID_BREP('',#1956);
#1956 = CLOSED_SHELL('',(#1957,#2044,#2048));
#1957 = ADVANCED_FACE('',(#1958),#1972,.T.);
#1958 = FACE_BOUND('',#1959,.T.);
#1959 = EDGE_LOOP('',(#1960,#1989,#2016,#2017));
#1960 = ORIENTED_EDGE('',*,*,#1961,.T.);
#1961 = EDGE_CURVE('',#1962,#1964,#1966,.T.);
#1962 = VERTEX_POINT('',#1963);
#1963 = CARTESIAN_POINT('',(11.736608845369,-27.56188815663,-35.));
#1964 = VERTEX_POINT('',#1965);
#1965 = CARTESIAN_POINT('',(-211.4932450491,-212.9014160697,
    7.105427357601E-15));
#1966 = SEAM_CURVE('',#1967,(#1971,#1982),.PCURVE_S1.);
#1967 = LINE('',#1968,#1969);
#1968 = CARTESIAN_POINT('',(11.736608845369,-27.56188815663,-35.));
#1969 = VECTOR('',#1970,1.);
#1970 = DIRECTION('',(-0.763844151358,-0.634191672584,0.11976241005));
#1971 = PCURVE('',#1972,#1977);
#1972 = CYLINDRICAL_SURFACE('',#1973,1.);
#1973 = AXIS2_PLACEMENT_3D('',#1974,#1975,#1976);
#1974 = CARTESIAN_POINT('',(11.097819538588,-26.79250644282,-35.));
#1975 = DIRECTION('',(-0.763844151358,-0.634191672584,0.11976241005));
#1976 = DIRECTION('',(0.638789306781,-0.769381713808,-1.665334536938E-16
    ));
#1977 = DEFINITIONAL_REPRESENTATION('',(#1978),#1981);
#1978 = B_SPLINE_CURVE_WITH_KNOTS('',1,(#1979,#1980),.UNSPECIFIED.,.F.,
  .F.,(2,2),(0.,292.24528786081),.PIECEWISE_BEZIER_KNOTS.);
#1979 = CARTESIAN_POINT('',(6.28318530718,0.));
#1980 = CARTESIAN_POINT('',(6.28318530718,292.24528786081));
#1981 = ( GEOMETRIC_REPRESENTATION_CONTEXT(2)
PARAMETRIC_REPRESENTATION_CONTEXT() REPRESENTATION_CONTEXT('2D SPACE',''
  ) );
#1982 = PCURVE('',#1972,#1983);
#1983 = DEFINITIONAL_REPRESENTATION('',(#1984),#1988);
#1984 = LINE('',#1985,#1986);
#1985 = CARTESIAN_POINT('',(0.,0.));
#1986 = VECTOR('',#1987,1.);
#1987 = DIRECTION('',(0.,1.));
#1988 = ( GEOMETRIC_REPRESENTATION_CONTEXT(2)
PARAMETRIC_REPRESENTATION_CONTEXT() REPRESENTATION_CONTEXT('2D SPACE',''
  ) );
#1989 = ORIENTED_EDGE('',*,*,#1990,.F.);
#1990 = EDGE_CURVE('',#1964,#1964,#1991,.T.);
#1991 = SURFACE_CURVE('',#1992,(#1997,#2004),.PCURVE_S1.);
#1992 = CIRCLE('',#1993,1.);
#1993 = AXIS2_PLACEMENT_3D('',#1994,#1995,#1996);
#1994 = CARTESIAN_POINT('',(-212.1320343559,-212.1320343559,
    7.105427357601E-15));
#1995 = DIRECTION('',(-0.763844151358,-0.634191672584,0.11976241005));
#1996 = DIRECTION('',(0.638789306781,-0.769381713808,-1.52655665886E-16)
  );
#1997 = PCURVE('',#1972,#1998);
#1998 = DEFINITIONAL_REPRESENTATION('',(#1999),#2003);
#1999 = LINE('',#2000,#2001);
#2000 = CARTESIAN_POINT('',(0.,292.24528786081));
#2001 = VECTOR('',#2002,1.);
#2002 = DIRECTION('',(1.,0.));
#2003 = ( GEOMETRIC_REPRESENTATION_CONTEXT(2)
PARAMETRIC_REPRESENTATION_CONTEXT() REPRESENTATION_CONTEXT('2D SPACE',''
  ) );
#2004 = PCURVE('',#2005,#2010);
#2005 = PLANE('',#2006);
#2006 = AXIS2_PLACEMENT_3D('',#2007,#2008,#2009);
#2007 = CARTESIAN_POINT('',(-212.1320343559,-212.1320343559,
    7.998200698685E-15));
#2008 = DIRECTION('',(-0.763844151358,-0.634191672584,0.11976241005));
#2009 = DIRECTION('',(0.638789306781,-0.769381713808,6.938893903907E-18)
  );
#2010 = DEFINITIONAL_REPRESENTATION('',(#2011),#2015);
#2011 = CIRCLE('',#2012,1.);
#2012 = AXIS2_PLACEMENT_2D('',#2013,#2014);
#2013 = CARTESIAN_POINT('',(-2.414721911571E-32,-3.454934143348E-15));
#2014 = DIRECTION('',(1.,1.791626883571E-16));
#2015 = ( GEOMETRIC_REPRESENTATION_CONTEXT(2)
PARAMETRIC_REPRESENTATION_CONTEXT() REPRESENTATION_CONTEXT('2D SPACE',''
  ) );
#2016 = ORIENTED_EDGE('',*,*,#1961,.F.);
#2017 = ORIENTED_EDGE('',*,*,#2018,.T.);
#2018 = EDGE_CURVE('',#1962,#1962,#2019,.T.);
#2019 = SURFACE_CURVE('',#2020,(#2025,#2032),.PCURVE_S1.);
#2020 = CIRCLE('',#2021,1.);
#2021 = AXIS2_PLACEMENT_3D('',#2022,#2023,#2024);
#2022 = CARTESIAN_POINT('',(11.097819538588,-26.79250644282,-35.));
#2023 = DIRECTION('',(-0.763844151358,-0.634191672584,0.11976241005));
#2024 = DIRECTION('',(0.638789306781,-0.769381713808,-1.52655665886E-16)
  );
#2025 = PCURVE('',#1972,#2026);
#2026 = DEFINITIONAL_REPRESENTATION('',(#2027),#2031);
#2027 = LINE('',#2028,#2029);
#2028 = CARTESIAN_POINT('',(0.,0.));
#2029 = VECTOR('',#2030,1.);
#2030 = DIRECTION('',(1.,0.));
#2031 = ( GEOMETRIC_REPRESENTATION_CONTEXT(2)
PARAMETRIC_REPRESENTATION_CONTEXT() REPRESENTATION_CONTEXT('2D SPACE',''
  ) );
#2032 = PCURVE('',#2033,#2038);
#2033 = PLANE('',#2034);
#2034 = AXIS2_PLACEMENT_3D('',#2035,#2036,#2037);
#2035 = CARTESIAN_POINT('',(11.097819538588,-26.79250644282,-35.));
#2036 = DIRECTION('',(-0.763844151358,-0.634191672584,0.11976241005));
#2037 = DIRECTION('',(0.638789306781,-0.769381713808,0.));
#2038 = DEFINITIONAL_REPRESENTATION('',(#2039),#2043);
#2039 = CIRCLE('',#2040,1.);
#2040 = AXIS2_PLACEMENT_2D('',#2041,#2042);
#2041 = CARTESIAN_POINT('',(-3.868110692901E-15,1.081142029139E-16));
#2042 = DIRECTION('',(1.,-2.066685533438E-16));
#2043 = ( GEOMETRIC_REPRESENTATION_CONTEXT(2)
PARAMETRIC_REPRESENTATION_CONTEXT() REPRESENTATION_CONTEXT('2D SPACE',''
  ) );
#2044 = ADVANCED_FACE('',(#2045),#2033,.F.);
#2045 = FACE_BOUND('',#2046,.F.);
#2046 = EDGE_LOOP('',(#2047));
#2047 = ORIENTED_EDGE('',*,*,#2018,.T.);
#2048 = ADVANCED_FACE('',(#2049),#2005,.T.);
#2049 = FACE_BOUND('',#2050,.T.);
#2050 = EDGE_LOOP('',(#2051));
#2051 = ORIENTED_EDGE('',*,*,#1990,.T.);
#2052 = MANIFOLD_SOLID_BREP('',#2053);
#2053 = CLOSED_SHELL('',(#2054,#2141,#2145));
#2054 = ADVANCED_FACE('',(#2055),#2069,.T.);
#2055 = FACE_BOUND('',#2056,.T.);
#2056 = EDGE_LOOP('',(#2057,#2086,#2113,#2114));
#2057 = ORIENTED_EDGE('',*,*,#2058,.T.);
#2058 = EDGE_CURVE('',#2059,#2061,#2063,.T.);
#2059 = VERTEX_POINT('',#2060);
#2060 = CARTESIAN_POINT('',(10.316352162813,-26.1685603389,20.));
#2061 = VERTEX_POINT('',#2062);
#2062 = CARTESIAN_POINT('',(-167.4525372816,-248.8169375868,
    3.872457909893E-13));
#2063 = SEAM_CURVE('',#2064,(#2068,#2079),.PCURVE_S1.);
#2064 = LINE('',#2065,#2066);
#2065 = CARTESIAN_POINT('',(10.316352162813,-26.1685603389,20.));
#2066 = VECTOR('',#2067,1.);
#2067 = DIRECTION('',(-0.622414458372,-0.779549051384,
    -7.002512760434E-02));
#2068 = PCURVE('',#2069,#2074);
#2069 = CYLINDRICAL_SURFACE('',#2070,1.);
#2070 = AXIS2_PLACEMENT_3D('',#2071,#2072,#2073);
#2071 = CARTESIAN_POINT('',(11.097819538588,-26.79250644282,20.));
#2072 = DIRECTION('',(-0.622414458372,-0.779549051384,
    -7.002512760434E-02));
#2073 = DIRECTION('',(-0.781467375775,0.623946103923,-3.469446951954E-17
    ));
#2074 = DEFINITIONAL_REPRESENTATION('',(#2075),#2078);
#2075 = B_SPLINE_CURVE_WITH_KNOTS('',1,(#2076,#2077),.UNSPECIFIED.,.F.,
  .F.,(2,2),(0.,285.61176086684),.PIECEWISE_BEZIER_KNOTS.);
#2076 = CARTESIAN_POINT('',(6.28318530718,0.));
#2077 = CARTESIAN_POINT('',(6.28318530718,285.61176086684));
#2078 = ( GEOMETRIC_REPRESENTATION_CONTEXT(2)
PARAMETRIC_REPRESENTATION_CONTEXT() REPRESENTATION_CONTEXT('2D SPACE',''
  ) );
#2079 = PCURVE('',#2069,#2080);
#2080 = DEFINITIONAL_REPRESENTATION('',(#2081),#2085);
#2081 = LINE('',#2082,#2083);
#2082 = CARTESIAN_POINT('',(0.,0.));
#2083 = VECTOR('',#2084,1.);
#2084 = DIRECTION('',(0.,1.));
#2085 = ( GEOMETRIC_REPRESENTATION_CONTEXT(2)
PARAMETRIC_REPRESENTATION_CONTEXT() REPRESENTATION_CONTEXT('2D SPACE',''
  ) );
#2086 = ORIENTED_EDGE('',*,*,#2087,.F.);
#2087 = EDGE_CURVE('',#2061,#2061,#2088,.T.);
#2088 = SURFACE_CURVE('',#2089,(#2094,#2101),.PCURVE_S1.);
#2089 = CIRCLE('',#2090,1.);
#2090 = AXIS2_PLACEMENT_3D('',#2091,#2092,#2093);
#2091 = CARTESIAN_POINT('',(-166.6710699058,-249.4408836907,
    3.872457909893E-13));
#2092 = DIRECTION('',(-0.622414458372,-0.779549051384,
    -7.002512760434E-02));
#2093 = DIRECTION('',(-0.781467375775,0.623946103923,-4.857225732735E-17
    ));
#2094 = PCURVE('',#2069,#2095);
#2095 = DEFINITIONAL_REPRESENTATION('',(#2096),#2100);
#2096 = LINE('',#2097,#2098);
#2097 = CARTESIAN_POINT('',(0.,285.61176086684));
#2098 = VECTOR('',#2099,1.);
#2099 = DIRECTION('',(1.,0.));
#2100 = ( GEOMETRIC_REPRESENTATION_CONTEXT(2)
PARAMETRIC_REPRESENTATION_CONTEXT() REPRESENTATION_CONTEXT('2D SPACE',''
  ) );
#2101 = PCURVE('',#2102,#2107);
#2102 = PLANE('',#2103);
#2103 = AXIS2_PLACEMENT_3D('',#2104,#2105,#2106);
#2104 = CARTESIAN_POINT('',(-166.6710699058,-249.4408836907,
    3.878877174783E-13));
#2105 = DIRECTION('',(-0.622414458372,-0.779549051384,
    -7.002512760432E-02));
#2106 = DIRECTION('',(-0.781467375775,0.623946103923,0.));
#2107 = DEFINITIONAL_REPRESENTATION('',(#2108),#2112);
#2108 = CIRCLE('',#2109,1.);
#2109 = AXIS2_PLACEMENT_2D('',#2110,#2111);
#2110 = CARTESIAN_POINT('',(0.,6.372107341999E-16));
#2111 = DIRECTION('',(1.,-2.353602904054E-16));
#2112 = ( GEOMETRIC_REPRESENTATION_CONTEXT(2)
PARAMETRIC_REPRESENTATION_CONTEXT() REPRESENTATION_CONTEXT('2D SPACE',''
  ) );
#2113 = ORIENTED_EDGE('',*,*,#2058,.F.);
#2114 = ORIENTED_EDGE('',*,*,#2115,.T.);
#2115 = EDGE_CURVE('',#2059,#2059,#2116,.T.);
#2116 = SURFACE_CURVE('',#2117,(#2122,#2129),.PCURVE_S1.);
#2117 = CIRCLE('',#2118,1.);
#2118 = AXIS2_PLACEMENT_3D('',#2119,#2120,#2121);
#2119 = CARTESIAN_POINT('',(11.097819538588,-26.79250644282,20.));
#2120 = DIRECTION('',(-0.622414458372,-0.779549051384,
    -7.002512760434E-02));
#2121 = DIRECTION('',(-0.781467375775,0.623946103923,-4.857225732735E-17
    ));
#2122 = PCURVE('',#2069,#2123);
#2123 = DEFINITIONAL_REPRESENTATION('',(#2124),#2128);
#2124 = LINE('',#2125,#2126);
#2125 = CARTESIAN_POINT('',(0.,0.));
#2126 = VECTOR('',#2127,1.);
#2127 = DIRECTION('',(1.,0.));
#2128 = ( GEOMETRIC_REPRESENTATION_CONTEXT(2)
PARAMETRIC_REPRESENTATION_CONTEXT() REPRESENTATION_CONTEXT('2D SPACE',''
  ) );
#2129 = PCURVE('',#2130,#2135);
#2130 = PLANE('',#2131);
#2131 = AXIS2_PLACEMENT_3D('',#2132,#2133,#2134);
#2132 = CARTESIAN_POINT('',(11.097819538588,-26.79250644282,20.));
#2133 = DIRECTION('',(-0.622414458372,-0.779549051384,
    -7.002512760434E-02));
#2134 = DIRECTION('',(-0.781467375775,0.623946103923,0.));
#2135 = DEFINITIONAL_REPRESENTATION('',(#2136),#2140);
#2136 = CIRCLE('',#2137,1.);
#2137 = AXIS2_PLACEMENT_2D('',#2138,#2139);
#2138 = CARTESIAN_POINT('',(-3.604866775965E-15,-3.66079301178E-15));
#2139 = DIRECTION('',(1.,1.384372100009E-17));
#2140 = ( GEOMETRIC_REPRESENTATION_CONTEXT(2)
PARAMETRIC_REPRESENTATION_CONTEXT() REPRESENTATION_CONTEXT('2D SPACE',''
  ) );
#2141 = ADVANCED_FACE('',(#2142),#2130,.F.);
#2142 = FACE_BOUND('',#2143,.F.);
#2143 = EDGE_LOOP('',(#2144));
#2144 = ORIENTED_EDGE('',*,*,#2115,.T.);
#2145 = ADVANCED_FACE('',(#2146),#2102,.T.);
#2146 = FACE_BOUND('',#2147,.T.);
#2147 = EDGE_LOOP('',(#2148));
#2148 = ORIENTED_EDGE('',*,*,#2087,.T.);
#2149 = MANIFOLD_SOLID_BREP('',#2150);
#2150 = CLOSED_SHELL('',(#2151,#2238,#2242));
#2151 = ADVANCED_FACE('',(#2152),#2166,.T.);
#2152 = FACE_BOUND('',#2153,.T.);
#2153 = EDGE_LOOP('',(#2154,#2183,#2210,#2211));
#2154 = ORIENTED_EDGE('',*,*,#2155,.T.);
#2155 = EDGE_CURVE('',#2156,#2158,#2160,.T.);
#2156 = VERTEX_POINT('',#2157);
#2157 = CARTESIAN_POINT('',(-29.95527010255,0.295734731083,-35.));
#2158 = VERTEX_POINT('',#2159);
#2159 = CARTESIAN_POINT('',(-115.760299812,-276.8681250223,
    7.105427357601E-15));
#2160 = SEAM_CURVE('',#2161,(#2165,#2176),.PCURVE_S1.);
#2161 = LINE('',#2162,#2163);
#2162 = CARTESIAN_POINT('',(-29.95527010255,0.295734731083,-35.));
#2163 = VECTOR('',#2164,1.);
#2164 = DIRECTION('',(-0.293606204355,-0.94839462351,0.11976241005));
#2165 = PCURVE('',#2166,#2171);
#2166 = CYLINDRICAL_SURFACE('',#2167,1.);
#2167 = AXIS2_PLACEMENT_3D('',#2168,#2169,#2170);
#2168 = CARTESIAN_POINT('',(-29.,3.551475717527E-15,-35.));
#2169 = DIRECTION('',(-0.293606204355,-0.94839462351,0.11976241005));
#2170 = DIRECTION('',(-0.955270102553,0.295734731083,1.040834085586E-16)
  );
#2171 = DEFINITIONAL_REPRESENTATION('',(#2172),#2175);
#2172 = B_SPLINE_CURVE_WITH_KNOTS('',1,(#2173,#2174),.UNSPECIFIED.,.F.,
  .F.,(2,2),(0.,292.2452878608),.PIECEWISE_BEZIER_KNOTS.);
#2173 = CARTESIAN_POINT('',(6.28318530718,0.));
#2174 = CARTESIAN_POINT('',(6.28318530718,292.2452878608));
#2175 = ( GEOMETRIC_REPRESENTATION_CONTEXT(2)
PARAMETRIC_REPRESENTATION_CONTEXT() REPRESENTATION_CONTEXT('2D SPACE',''
  ) );
#2176 = PCURVE('',#2166,#2177);
#2177 = DEFINITIONAL_REPRESENTATION('',(#2178),#2182);
#2178 = LINE('',#2179,#2180);
#2179 = CARTESIAN_POINT('',(0.,0.));
#2180 = VECTOR('',#2181,1.);
#2181 = DIRECTION('',(0.,1.));
#2182 = ( GEOMETRIC_REPRESENTATION_CONTEXT(2)
PARAMETRIC_REPRESENTATION_CONTEXT() REPRESENTATION_CONTEXT('2D SPACE',''
  ) );
#2183 = ORIENTED_EDGE('',*,*,#2184,.F.);
#2184 = EDGE_CURVE('',#2158,#2158,#2185,.T.);
#2185 = SURFACE_CURVE('',#2186,(#2191,#2198),.PCURVE_S1.);
#2186 = CIRCLE('',#2187,1.);
#2187 = AXIS2_PLACEMENT_3D('',#2188,#2189,#2190);
#2188 = CARTESIAN_POINT('',(-114.8050297095,-277.1638597533,
    7.105427357601E-15));
#2189 = DIRECTION('',(-0.293606204355,-0.94839462351,0.11976241005));
#2190 = DIRECTION('',(-0.955270102553,0.295734731083,1.110223024625E-16)
  );
#2191 = PCURVE('',#2166,#2192);
#2192 = DEFINITIONAL_REPRESENTATION('',(#2193),#2197);
#2193 = LINE('',#2194,#2195);
#2194 = CARTESIAN_POINT('',(0.,292.2452878608));
#2195 = VECTOR('',#2196,1.);
#2196 = DIRECTION('',(1.,0.));
#2197 = ( GEOMETRIC_REPRESENTATION_CONTEXT(2)
PARAMETRIC_REPRESENTATION_CONTEXT() REPRESENTATION_CONTEXT('2D SPACE',''
  ) );
#2198 = PCURVE('',#2199,#2204);
#2199 = PLANE('',#2200);
#2200 = AXIS2_PLACEMENT_3D('',#2201,#2202,#2203);
#2201 = CARTESIAN_POINT('',(-114.8050297095,-277.1638597533,
    7.653144981396E-15));
#2202 = DIRECTION('',(-0.293606204355,-0.94839462351,0.11976241005));
#2203 = DIRECTION('',(-0.955270102553,0.295734731083,0.));
#2204 = DEFINITIONAL_REPRESENTATION('',(#2205),#2209);
#2205 = CIRCLE('',#2206,1.);
#2206 = AXIS2_PLACEMENT_2D('',#2207,#2208);
#2207 = CARTESIAN_POINT('',(-1.357520464115E-14,6.442578709364E-15));
#2208 = DIRECTION('',(1.,1.763721481578E-15));
#2209 = ( GEOMETRIC_REPRESENTATION_CONTEXT(2)
PARAMETRIC_REPRESENTATION_CONTEXT() REPRESENTATION_CONTEXT('2D SPACE',''
  ) );
#2210 = ORIENTED_EDGE('',*,*,#2155,.F.);
#2211 = ORIENTED_EDGE('',*,*,#2212,.T.);
#2212 = EDGE_CURVE('',#2156,#2156,#2213,.T.);
#2213 = SURFACE_CURVE('',#2214,(#2219,#2226),.PCURVE_S1.);
#2214 = CIRCLE('',#2215,1.);
#2215 = AXIS2_PLACEMENT_3D('',#2216,#2217,#2218);
#2216 = CARTESIAN_POINT('',(-29.,3.551475717527E-15,-35.));
#2217 = DIRECTION('',(-0.293606204355,-0.94839462351,0.11976241005));
#2218 = DIRECTION('',(-0.955270102553,0.295734731083,1.110223024625E-16)
  );
#2219 = PCURVE('',#2166,#2220);
#2220 = DEFINITIONAL_REPRESENTATION('',(#2221),#2225);
#2221 = LINE('',#2222,#2223);
#2222 = CARTESIAN_POINT('',(0.,0.));
#2223 = VECTOR('',#2224,1.);
#2224 = DIRECTION('',(1.,0.));
#2225 = ( GEOMETRIC_REPRESENTATION_CONTEXT(2)
PARAMETRIC_REPRESENTATION_CONTEXT() REPRESENTATION_CONTEXT('2D SPACE',''
  ) );
#2226 = PCURVE('',#2227,#2232);
#2227 = PLANE('',#2228);
#2228 = AXIS2_PLACEMENT_3D('',#2229,#2230,#2231);
#2229 = CARTESIAN_POINT('',(-29.,3.6749953562E-15,-35.));
#2230 = DIRECTION('',(-0.293606204355,-0.94839462351,0.11976241005));
#2231 = DIRECTION('',(-0.955270102553,0.295734731083,6.938893903907E-18)
  );
#2232 = DEFINITIONAL_REPRESENTATION('',(#2233),#2237);
#2233 = CIRCLE('',#2234,1.);
#2234 = AXIS2_PLACEMENT_2D('',#2235,#2236);
#2235 = CARTESIAN_POINT('',(-3.672909410478E-18,1.420870830376E-18));
#2236 = DIRECTION('',(1.,-1.032843345461E-16));
#2237 = ( GEOMETRIC_REPRESENTATION_CONTEXT(2)
PARAMETRIC_REPRESENTATION_CONTEXT() REPRESENTATION_CONTEXT('2D SPACE',''
  ) );
#2238 = ADVANCED_FACE('',(#2239),#2227,.F.);
#2239 = FACE_BOUND('',#2240,.F.);
#2240 = EDGE_LOOP('',(#2241));
#2241 = ORIENTED_EDGE('',*,*,#2212,.T.);
#2242 = ADVANCED_FACE('',(#2243),#2199,.T.);
#2243 = FACE_BOUND('',#2244,.T.);
#2244 = EDGE_LOOP('',(#2245));
#2245 = ORIENTED_EDGE('',*,*,#2184,.T.);
#2246 = MANIFOLD_SOLID_BREP('',#2247);
#2247 = CLOSED_SHELL('',(#2248,#2335,#2339));
#2248 = ADVANCED_FACE('',(#2249),#2263,.T.);
#2249 = FACE_BOUND('',#2250,.T.);
#2250 = EDGE_LOOP('',(#2251,#2280,#2307,#2308));
#2251 = ORIENTED_EDGE('',*,*,#2252,.T.);
#2252 = EDGE_CURVE('',#2253,#2255,#2257,.T.);
#2253 = VERTEX_POINT('',#2254);
#2254 = CARTESIAN_POINT('',(-29.99500246346,9.98503765228E-02,20.));
#2255 = VERTEX_POINT('',#2256);
#2256 = CARTESIAN_POINT('',(-59.5220990683,-294.1357337444,
    -2.629008122312E-13));
#2257 = SEAM_CURVE('',#2258,(#2262,#2273),.PCURVE_S1.);
#2258 = LINE('',#2259,#2260);
#2259 = CARTESIAN_POINT('',(-29.99500246346,9.98503765228E-02,20.));
#2260 = VECTOR('',#2261,1.);
#2261 = DIRECTION('',(-9.962278775781E-02,-0.992734556329,
    -6.747889173871E-02));
#2262 = PCURVE('',#2263,#2268);
#2263 = CYLINDRICAL_SURFACE('',#2264,1.);
#2264 = AXIS2_PLACEMENT_3D('',#2265,#2266,#2267);
#2265 = CARTESIAN_POINT('',(-29.,3.551475717527E-15,20.));
#2266 = DIRECTION('',(-9.962278775781E-02,-0.992734556329,
    -6.747889173871E-02));
#2267 = DIRECTION('',(-0.995002463468,9.98503765228E-02,
    3.816391647149E-17));
#2268 = DEFINITIONAL_REPRESENTATION('',(#2269),#2272);
#2269 = B_SPLINE_CURVE_WITH_KNOTS('',1,(#2270,#2271),.UNSPECIFIED.,.F.,
  .F.,(2,2),(0.,296.38898157137),.PIECEWISE_BEZIER_KNOTS.);
#2270 = CARTESIAN_POINT('',(6.28318530718,0.));
#2271 = CARTESIAN_POINT('',(6.28318530718,296.38898157137));
#2272 = ( GEOMETRIC_REPRESENTATION_CONTEXT(2)
PARAMETRIC_REPRESENTATION_CONTEXT() REPRESENTATION_CONTEXT('2D SPACE',''
  ) );
#2273 = PCURVE('',#2263,#2274);
#2274 = DEFINITIONAL_REPRESENTATION('',(#2275),#2279);
#2275 = LINE('',#2276,#2277);
#2276 = CARTESIAN_POINT('',(0.,0.));
#2277 = VECTOR('',#2278,1.);
#2278 = DIRECTION('',(0.,1.));
#2279 = ( GEOMETRIC_REPRESENTATION_CONTEXT(2)
PARAMETRIC_REPRESENTATION_CONTEXT() REPRESENTATION_CONTEXT('2D SPACE',''
  ) );
#2280 = ORIENTED_EDGE('',*,*,#2281,.F.);
#2281 = EDGE_CURVE('',#2255,#2255,#2282,.T.);
#2282 = SURFACE_CURVE('',#2283,(#2288,#2295),.PCURVE_S1.);
#2283 = CIRCLE('',#2284,1.);
#2284 = AXIS2_PLACEMENT_3D('',#2285,#2286,#2287);
#2285 = CARTESIAN_POINT('',(-58.52709660483,-294.2355841209,
    -2.629008122312E-13));
#2286 = DIRECTION('',(-9.962278775781E-02,-0.992734556329,
    -6.747889173871E-02));
#2287 = DIRECTION('',(-0.995002463468,9.98503765228E-02,
    3.816391647149E-17));
#2288 = PCURVE('',#2263,#2289);
#2289 = DEFINITIONAL_REPRESENTATION('',(#2290),#2294);
#2290 = LINE('',#2291,#2292);
#2291 = CARTESIAN_POINT('',(0.,296.38898157137));
#2292 = VECTOR('',#2293,1.);
#2293 = DIRECTION('',(1.,0.));
#2294 = ( GEOMETRIC_REPRESENTATION_CONTEXT(2)
PARAMETRIC_REPRESENTATION_CONTEXT() REPRESENTATION_CONTEXT('2D SPACE',''
  ) );
#2295 = PCURVE('',#2296,#2301);
#2296 = PLANE('',#2297);
#2297 = AXIS2_PLACEMENT_3D('',#2298,#2299,#2300);
#2298 = CARTESIAN_POINT('',(-58.52709660483,-294.2355841209,
    -2.632438541429E-13));
#2299 = DIRECTION('',(-9.96227877578E-02,-0.992734556329,
    -6.747889173869E-02));
#2300 = DIRECTION('',(-0.995002463468,9.98503765228E-02,0.));
#2301 = DEFINITIONAL_REPRESENTATION('',(#2302),#2306);
#2302 = CIRCLE('',#2303,1.);
#2303 = AXIS2_PLACEMENT_2D('',#2304,#2305);
#2304 = CARTESIAN_POINT('',(-7.069917724809E-15,-2.451697696305E-16));
#2305 = DIRECTION('',(1.,3.53946321651E-16));
#2306 = ( GEOMETRIC_REPRESENTATION_CONTEXT(2)
PARAMETRIC_REPRESENTATION_CONTEXT() REPRESENTATION_CONTEXT('2D SPACE',''
  ) );
#2307 = ORIENTED_EDGE('',*,*,#2252,.F.);
#2308 = ORIENTED_EDGE('',*,*,#2309,.T.);
#2309 = EDGE_CURVE('',#2253,#2253,#2310,.T.);
#2310 = SURFACE_CURVE('',#2311,(#2316,#2323),.PCURVE_S1.);
#2311 = CIRCLE('',#2312,1.);
#2312 = AXIS2_PLACEMENT_3D('',#2313,#2314,#2315);
#2313 = CARTESIAN_POINT('',(-29.,3.551475717527E-15,20.));
#2314 = DIRECTION('',(-9.962278775781E-02,-0.992734556329,
    -6.747889173871E-02));
#2315 = DIRECTION('',(-0.995002463468,9.98503765228E-02,
    3.816391647149E-17));
#2316 = PCURVE('',#2263,#2317);
#2317 = DEFINITIONAL_REPRESENTATION('',(#2318),#2322);
#2318 = LINE('',#2319,#2320);
#2319 = CARTESIAN_POINT('',(0.,0.));
#2320 = VECTOR('',#2321,1.);
#2321 = DIRECTION('',(1.,0.));
#2322 = ( GEOMETRIC_REPRESENTATION_CONTEXT(2)
PARAMETRIC_REPRESENTATION_CONTEXT() REPRESENTATION_CONTEXT('2D SPACE',''
  ) );
#2323 = PCURVE('',#2324,#2329);
#2324 = PLANE('',#2325);
#2325 = AXIS2_PLACEMENT_3D('',#2326,#2327,#2328);
#2326 = CARTESIAN_POINT('',(-29.,3.549468625283E-15,20.));
#2327 = DIRECTION('',(-9.962278775781E-02,-0.992734556329,
    -6.747889173871E-02));
#2328 = DIRECTION('',(-0.995002463468,9.98503765228E-02,
    8.673617379884E-19));
#2329 = DEFINITIONAL_REPRESENTATION('',(#2330),#2334);
#2330 = CIRCLE('',#2331,1.);
#2331 = AXIS2_PLACEMENT_2D('',#2332,#2333);
#2332 = CARTESIAN_POINT('',(-3.593802898798E-15,-3.560246605138E-15));
#2333 = DIRECTION('',(1.,-4.153649160495E-17));
#2334 = ( GEOMETRIC_REPRESENTATION_CONTEXT(2)
PARAMETRIC_REPRESENTATION_CONTEXT() REPRESENTATION_CONTEXT('2D SPACE',''
  ) );
#2335 = ADVANCED_FACE('',(#2336),#2324,.F.);
#2336 = FACE_BOUND('',#2337,.F.);
#2337 = EDGE_LOOP('',(#2338));
#2338 = ORIENTED_EDGE('',*,*,#2309,.T.);
#2339 = ADVANCED_FACE('',(#2340),#2296,.T.);
#2340 = FACE_BOUND('',#2341,.T.);
#2341 = EDGE_LOOP('',(#2342));
#2342 = ORIENTED_EDGE('',*,*,#2281,.T.);
#2343 = MANIFOLD_SOLID_BREP('',#2344);
#2344 = CLOSED_SHELL('',(#2345,#2432,#2436));
#2345 = ADVANCED_FACE('',(#2346),#2360,.T.);
#2346 = FACE_BOUND('',#2347,.T.);
#2347 = EDGE_LOOP('',(#2348,#2377,#2404,#2405));
#2348 = ORIENTED_EDGE('',*,*,#2349,.T.);
#2349 = EDGE_CURVE('',#2350,#2352,#2354,.T.);
#2350 = VERTEX_POINT('',#2351);
#2351 = CARTESIAN_POINT('',(26.792506442827,-11.21808843812,
    -35.99274135191));
#2352 = VERTEX_POINT('',#2353);
#2353 = CARTESIAN_POINT('',(3.37507799486E-13,-300.1202688995,
    -0.992741351916));
#2354 = SEAM_CURVE('',#2355,(#2359,#2370),.PCURVE_S1.);
#2355 = LINE('',#2356,#2357);
#2356 = CARTESIAN_POINT('',(26.792506442827,-11.21808843812,
    -35.99274135191));
#2357 = VECTOR('',#2358,1.);
#2358 = DIRECTION('',(-9.167814693932E-02,-0.988560611451,0.11976241005)
  );
#2359 = PCURVE('',#2360,#2365);
#2360 = CYLINDRICAL_SURFACE('',#2361,1.);
#2361 = AXIS2_PLACEMENT_3D('',#2362,#2363,#2364);
#2362 = CARTESIAN_POINT('',(26.792506442827,-11.09781953858,-35.));
#2363 = DIRECTION('',(-9.167814693932E-02,-0.988560611451,0.11976241005)
  );
#2364 = DIRECTION('',(-3.469446951954E-18,-0.120268899534,
    -0.992741351916));
#2365 = DEFINITIONAL_REPRESENTATION('',(#2366),#2369);
#2366 = B_SPLINE_CURVE_WITH_KNOTS('',1,(#2367,#2368),.UNSPECIFIED.,.F.,
  .F.,(2,2),(0.,292.24528786081),.PIECEWISE_BEZIER_KNOTS.);
#2367 = CARTESIAN_POINT('',(6.28318530718,0.));
#2368 = CARTESIAN_POINT('',(6.28318530718,292.24528786081));
#2369 = ( GEOMETRIC_REPRESENTATION_CONTEXT(2)
PARAMETRIC_REPRESENTATION_CONTEXT() REPRESENTATION_CONTEXT('2D SPACE',''
  ) );
#2370 = PCURVE('',#2360,#2371);
#2371 = DEFINITIONAL_REPRESENTATION('',(#2372),#2376);
#2372 = LINE('',#2373,#2374);
#2373 = CARTESIAN_POINT('',(0.,0.));
#2374 = VECTOR('',#2375,1.);
#2375 = DIRECTION('',(0.,1.));
#2376 = ( GEOMETRIC_REPRESENTATION_CONTEXT(2)
PARAMETRIC_REPRESENTATION_CONTEXT() REPRESENTATION_CONTEXT('2D SPACE',''
  ) );
#2377 = ORIENTED_EDGE('',*,*,#2378,.F.);
#2378 = EDGE_CURVE('',#2352,#2352,#2379,.T.);
#2379 = SURFACE_CURVE('',#2380,(#2385,#2392),.PCURVE_S1.);
#2380 = CIRCLE('',#2381,1.);
#2381 = AXIS2_PLACEMENT_3D('',#2382,#2383,#2384);
#2382 = CARTESIAN_POINT('',(3.37507799486E-13,-300.,1.42108547152E-14));
#2383 = DIRECTION('',(-9.167814693932E-02,-0.988560611451,0.11976241005)
  );
#2384 = DIRECTION('',(-3.469446951954E-18,-0.120268899534,
    -0.992741351916));
#2385 = PCURVE('',#2360,#2386);
#2386 = DEFINITIONAL_REPRESENTATION('',(#2387),#2391);
#2387 = LINE('',#2388,#2389);
#2388 = CARTESIAN_POINT('',(0.,292.24528786081));
#2389 = VECTOR('',#2390,1.);
#2390 = DIRECTION('',(1.,0.));
#2391 = ( GEOMETRIC_REPRESENTATION_CONTEXT(2)
PARAMETRIC_REPRESENTATION_CONTEXT() REPRESENTATION_CONTEXT('2D SPACE',''
  ) );
#2392 = PCURVE('',#2393,#2398);
#2393 = PLANE('',#2394);
#2394 = AXIS2_PLACEMENT_3D('',#2395,#2396,#2397);
#2395 = CARTESIAN_POINT('',(3.371762867581E-13,-300.,1.427265638338E-14)
  );
#2396 = DIRECTION('',(-9.167814693933E-02,-0.988560611451,0.11976241005)
  );
#2397 = DIRECTION('',(-1.734723475977E-18,-0.120268899534,
    -0.992741351916));
#2398 = DEFINITIONAL_REPRESENTATION('',(#2399),#2403);
#2399 = CIRCLE('',#2400,1.);
#2400 = AXIS2_PLACEMENT_2D('',#2401,#2402);
#2401 = CARTESIAN_POINT('',(5.685962718615E-17,3.260348142961E-16));
#2402 = DIRECTION('',(1.,-1.033895191682E-15));
#2403 = ( GEOMETRIC_REPRESENTATION_CONTEXT(2)
PARAMETRIC_REPRESENTATION_CONTEXT() REPRESENTATION_CONTEXT('2D SPACE',''
  ) );
#2404 = ORIENTED_EDGE('',*,*,#2349,.F.);
#2405 = ORIENTED_EDGE('',*,*,#2406,.T.);
#2406 = EDGE_CURVE('',#2350,#2350,#2407,.T.);
#2407 = SURFACE_CURVE('',#2408,(#2413,#2420),.PCURVE_S1.);
#2408 = CIRCLE('',#2409,1.);
#2409 = AXIS2_PLACEMENT_3D('',#2410,#2411,#2412);
#2410 = CARTESIAN_POINT('',(26.792506442827,-11.09781953858,-35.));
#2411 = DIRECTION('',(-9.167814693932E-02,-0.988560611451,0.11976241005)
  );
#2412 = DIRECTION('',(-3.469446951954E-18,-0.120268899534,
    -0.992741351916));
#2413 = PCURVE('',#2360,#2414);
#2414 = DEFINITIONAL_REPRESENTATION('',(#2415),#2419);
#2415 = LINE('',#2416,#2417);
#2416 = CARTESIAN_POINT('',(0.,0.));
#2417 = VECTOR('',#2418,1.);
#2418 = DIRECTION('',(1.,0.));
#2419 = ( GEOMETRIC_REPRESENTATION_CONTEXT(2)
PARAMETRIC_REPRESENTATION_CONTEXT() REPRESENTATION_CONTEXT('2D SPACE',''
  ) );
#2420 = PCURVE('',#2421,#2426);
#2421 = PLANE('',#2422);
#2422 = AXIS2_PLACEMENT_3D('',#2423,#2424,#2425);
#2423 = CARTESIAN_POINT('',(26.792506442827,-11.09781953858,-35.));
#2424 = DIRECTION('',(-9.167814693932E-02,-0.988560611451,0.11976241005)
  );
#2425 = DIRECTION('',(0.,-0.120268899534,-0.992741351916));
#2426 = DEFINITIONAL_REPRESENTATION('',(#2427),#2431);
#2427 = CIRCLE('',#2428,1.);
#2428 = AXIS2_PLACEMENT_2D('',#2429,#2430);
#2429 = CARTESIAN_POINT('',(7.267492043183E-15,3.621078460033E-15));
#2430 = DIRECTION('',(1.,-1.387778780781E-17));
#2431 = ( GEOMETRIC_REPRESENTATION_CONTEXT(2)
PARAMETRIC_REPRESENTATION_CONTEXT() REPRESENTATION_CONTEXT('2D SPACE',''
  ) );
#2432 = ADVANCED_FACE('',(#2433),#2421,.F.);
#2433 = FACE_BOUND('',#2434,.F.);
#2434 = EDGE_LOOP('',(#2435));
#2435 = ORIENTED_EDGE('',*,*,#2406,.T.);
#2436 = ADVANCED_FACE('',(#2437),#2393,.T.);
#2437 = FACE_BOUND('',#2438,.T.);
#2438 = EDGE_LOOP('',(#2439));
#2439 = ORIENTED_EDGE('',*,*,#2378,.T.);
#2440 = MANIFOLD_SOLID_BREP('',#2441);
#2441 = CLOSED_SHELL('',(#2442,#2529,#2533));
#2442 = ADVANCED_FACE('',(#2443),#2457,.T.);
#2443 = FACE_BOUND('',#2444,.T.);
#2444 = EDGE_LOOP('',(#2445,#2474,#2501,#2502));
#2445 = ORIENTED_EDGE('',*,*,#2446,.T.);
#2446 = EDGE_CURVE('',#2447,#2449,#2451,.T.);
#2447 = VERTEX_POINT('',#2448);
#2448 = CARTESIAN_POINT('',(25.798729040963,-11.20920389809,20.));
#2449 = VERTEX_POINT('',#2450);
#2450 = CARTESIAN_POINT('',(57.533319202974,-294.3469684804,
    3.730349362741E-13));
#2451 = SEAM_CURVE('',#2452,(#2456,#2467),.PCURVE_S1.);
#2452 = LINE('',#2453,#2454);
#2453 = CARTESIAN_POINT('',(25.798729040963,-11.20920389809,20.));
#2454 = VECTOR('',#2455,1.);
#2455 = DIRECTION('',(0.111110936278,-0.991337904724,-7.002512760434E-02
    ));
#2456 = PCURVE('',#2457,#2462);
#2457 = CYLINDRICAL_SURFACE('',#2458,1.);
#2458 = AXIS2_PLACEMENT_3D('',#2459,#2460,#2461);
#2459 = CARTESIAN_POINT('',(26.792506442827,-11.09781953858,20.));
#2460 = DIRECTION('',(0.111110936278,-0.991337904724,-7.002512760434E-02
    ));
#2461 = DIRECTION('',(-0.993777401865,-0.111384359508,
    -2.168404344971E-17));
#2462 = DEFINITIONAL_REPRESENTATION('',(#2463),#2466);
#2463 = B_SPLINE_CURVE_WITH_KNOTS('',1,(#2464,#2465),.UNSPECIFIED.,.F.,
  .F.,(2,2),(0.,285.61176086684),.PIECEWISE_BEZIER_KNOTS.);
#2464 = CARTESIAN_POINT('',(6.28318530718,0.));
#2465 = CARTESIAN_POINT('',(6.28318530718,285.61176086684));
#2466 = ( GEOMETRIC_REPRESENTATION_CONTEXT(2)
PARAMETRIC_REPRESENTATION_CONTEXT() REPRESENTATION_CONTEXT('2D SPACE',''
  ) );
#2467 = PCURVE('',#2457,#2468);
#2468 = DEFINITIONAL_REPRESENTATION('',(#2469),#2473);
#2469 = LINE('',#2470,#2471);
#2470 = CARTESIAN_POINT('',(0.,0.));
#2471 = VECTOR('',#2472,1.);
#2472 = DIRECTION('',(0.,1.));
#2473 = ( GEOMETRIC_REPRESENTATION_CONTEXT(2)
PARAMETRIC_REPRESENTATION_CONTEXT() REPRESENTATION_CONTEXT('2D SPACE',''
  ) );
#2474 = ORIENTED_EDGE('',*,*,#2475,.F.);
#2475 = EDGE_CURVE('',#2449,#2449,#2476,.T.);
#2476 = SURFACE_CURVE('',#2477,(#2482,#2489),.PCURVE_S1.);
#2477 = CIRCLE('',#2478,1.);
#2478 = AXIS2_PLACEMENT_3D('',#2479,#2480,#2481);
#2479 = CARTESIAN_POINT('',(58.527096604839,-294.2355841209,
    3.730349362741E-13));
#2480 = DIRECTION('',(0.111110936278,-0.991337904724,-7.002512760434E-02
    ));
#2481 = DIRECTION('',(-0.993777401865,-0.111384359508,
    -2.081668171172E-17));
#2482 = PCURVE('',#2457,#2483);
#2483 = DEFINITIONAL_REPRESENTATION('',(#2484),#2488);
#2484 = LINE('',#2485,#2486);
#2485 = CARTESIAN_POINT('',(0.,285.61176086684));
#2486 = VECTOR('',#2487,1.);
#2487 = DIRECTION('',(1.,0.));
#2488 = ( GEOMETRIC_REPRESENTATION_CONTEXT(2)
PARAMETRIC_REPRESENTATION_CONTEXT() REPRESENTATION_CONTEXT('2D SPACE',''
  ) );
#2489 = PCURVE('',#2490,#2495);
#2490 = PLANE('',#2491);
#2491 = AXIS2_PLACEMENT_3D('',#2492,#2493,#2494);
#2492 = CARTESIAN_POINT('',(58.527096604839,-294.2355841209,
    3.733451039413E-13));
#2493 = DIRECTION('',(0.111110936278,-0.991337904724,-7.002512760434E-02
    ));
#2494 = DIRECTION('',(-0.993777401865,-0.111384359508,
    -8.673617379884E-19));
#2495 = DEFINITIONAL_REPRESENTATION('',(#2496),#2500);
#2496 = CIRCLE('',#2497,1.);
#2497 = AXIS2_PLACEMENT_2D('',#2498,#2499);
#2498 = CARTESIAN_POINT('',(1.412242627715E-14,5.290265089741E-16));
#2499 = DIRECTION('',(1.,8.479066195006E-17));
#2500 = ( GEOMETRIC_REPRESENTATION_CONTEXT(2)
PARAMETRIC_REPRESENTATION_CONTEXT() REPRESENTATION_CONTEXT('2D SPACE',''
  ) );
#2501 = ORIENTED_EDGE('',*,*,#2446,.F.);
#2502 = ORIENTED_EDGE('',*,*,#2503,.T.);
#2503 = EDGE_CURVE('',#2447,#2447,#2504,.T.);
#2504 = SURFACE_CURVE('',#2505,(#2510,#2517),.PCURVE_S1.);
#2505 = CIRCLE('',#2506,1.);
#2506 = AXIS2_PLACEMENT_3D('',#2507,#2508,#2509);
#2507 = CARTESIAN_POINT('',(26.792506442827,-11.09781953858,20.));
#2508 = DIRECTION('',(0.111110936278,-0.991337904724,-7.002512760434E-02
    ));
#2509 = DIRECTION('',(-0.993777401865,-0.111384359508,
    -2.081668171172E-17));
#2510 = PCURVE('',#2457,#2511);
#2511 = DEFINITIONAL_REPRESENTATION('',(#2512),#2516);
#2512 = LINE('',#2513,#2514);
#2513 = CARTESIAN_POINT('',(0.,0.));
#2514 = VECTOR('',#2515,1.);
#2515 = DIRECTION('',(1.,0.));
#2516 = ( GEOMETRIC_REPRESENTATION_CONTEXT(2)
PARAMETRIC_REPRESENTATION_CONTEXT() REPRESENTATION_CONTEXT('2D SPACE',''
  ) );
#2517 = PCURVE('',#2518,#2523);
#2518 = PLANE('',#2519);
#2519 = AXIS2_PLACEMENT_3D('',#2520,#2521,#2522);
#2520 = CARTESIAN_POINT('',(26.792506442827,-11.09781953858,20.));
#2521 = DIRECTION('',(0.111110936278,-0.991337904724,-7.002512760434E-02
    ));
#2522 = DIRECTION('',(-0.993777401865,-0.111384359508,0.));
#2523 = DEFINITIONAL_REPRESENTATION('',(#2524),#2528);
#2524 = CIRCLE('',#2525,1.);
#2525 = AXIS2_PLACEMENT_2D('',#2526,#2527);
#2526 = CARTESIAN_POINT('',(3.530606569288E-15,2.771011504753E-17));
#2527 = DIRECTION('',(1.,9.519687363044E-18));
#2528 = ( GEOMETRIC_REPRESENTATION_CONTEXT(2)
PARAMETRIC_REPRESENTATION_CONTEXT() REPRESENTATION_CONTEXT('2D SPACE',''
  ) );
#2529 = ADVANCED_FACE('',(#2530),#2518,.F.);
#2530 = FACE_BOUND('',#2531,.F.);
#2531 = EDGE_LOOP('',(#2532));
#2532 = ORIENTED_EDGE('',*,*,#2503,.T.);
#2533 = ADVANCED_FACE('',(#2534),#2490,.T.);
#2534 = FACE_BOUND('',#2535,.T.);
#2535 = EDGE_LOOP('',(#2536));
#2536 = ORIENTED_EDGE('',*,*,#2475,.T.);
#2537 = MANIFOLD_SOLID_BREP('',#2538);
#2538 = CLOSED_SHELL('',(#2539,#2626,#2630));
#2539 = ADVANCED_FACE('',(#2540),#2554,.T.);
#2540 = FACE_BOUND('',#2541,.T.);
#2541 = EDGE_LOOP('',(#2542,#2571,#2598,#2599));
#2542 = ORIENTED_EDGE('',*,*,#2543,.T.);
#2543 = EDGE_CURVE('',#2544,#2546,#2548,.T.);
#2544 = VERTEX_POINT('',#2545);
#2545 = CARTESIAN_POINT('',(-21.39069065557,-20.972458588,-35.));
#2546 = VERTEX_POINT('',#2547);
#2547 = CARTESIAN_POINT('',(113.92043570836,-277.6302216869,
    3.552713678801E-14));
#2548 = SEAM_CURVE('',#2549,(#2553,#2564),.PCURVE_S1.);
#2549 = LINE('',#2550,#2551);
#2550 = CARTESIAN_POINT('',(-21.39069065557,-20.972458588,-35.));
#2551 = VECTOR('',#2552,1.);
#2552 = DIRECTION('',(0.463005331427,-0.878227207623,0.11976241005));
#2553 = PCURVE('',#2554,#2559);
#2554 = CYLINDRICAL_SURFACE('',#2555,1.);
#2555 = AXIS2_PLACEMENT_3D('',#2556,#2557,#2558);
#2556 = CARTESIAN_POINT('',(-20.50609665441,-20.50609665441,-35.));
#2557 = DIRECTION('',(0.463005331427,-0.878227207623,0.11976241005));
#2558 = DIRECTION('',(-0.884594001161,-0.466361933598,
    -1.873501354055E-16));
#2559 = DEFINITIONAL_REPRESENTATION('',(#2560),#2563);
#2560 = B_SPLINE_CURVE_WITH_KNOTS('',1,(#2561,#2562),.UNSPECIFIED.,.F.,
  .F.,(2,2),(0.,292.24528786081),.PIECEWISE_BEZIER_KNOTS.);
#2561 = CARTESIAN_POINT('',(6.28318530718,0.));
#2562 = CARTESIAN_POINT('',(6.28318530718,292.24528786081));
#2563 = ( GEOMETRIC_REPRESENTATION_CONTEXT(2)
PARAMETRIC_REPRESENTATION_CONTEXT() REPRESENTATION_CONTEXT('2D SPACE',''
  ) );
#2564 = PCURVE('',#2554,#2565);
#2565 = DEFINITIONAL_REPRESENTATION('',(#2566),#2570);
#2566 = LINE('',#2567,#2568);
#2567 = CARTESIAN_POINT('',(0.,0.));
#2568 = VECTOR('',#2569,1.);
#2569 = DIRECTION('',(0.,1.));
#2570 = ( GEOMETRIC_REPRESENTATION_CONTEXT(2)
PARAMETRIC_REPRESENTATION_CONTEXT() REPRESENTATION_CONTEXT('2D SPACE',''
  ) );
#2571 = ORIENTED_EDGE('',*,*,#2572,.F.);
#2572 = EDGE_CURVE('',#2546,#2546,#2573,.T.);
#2573 = SURFACE_CURVE('',#2574,(#2579,#2586),.PCURVE_S1.);
#2574 = CIRCLE('',#2575,1.);
#2575 = AXIS2_PLACEMENT_3D('',#2576,#2577,#2578);
#2576 = CARTESIAN_POINT('',(114.80502970952,-277.1638597533,
    3.552713678801E-14));
#2577 = DIRECTION('',(0.463005331427,-0.878227207623,0.11976241005));
#2578 = DIRECTION('',(-0.884594001161,-0.466361933598,
    -1.942890293094E-16));
#2579 = PCURVE('',#2554,#2580);
#2580 = DEFINITIONAL_REPRESENTATION('',(#2581),#2585);
#2581 = LINE('',#2582,#2583);
#2582 = CARTESIAN_POINT('',(0.,292.24528786081));
#2583 = VECTOR('',#2584,1.);
#2584 = DIRECTION('',(1.,0.));
#2585 = ( GEOMETRIC_REPRESENTATION_CONTEXT(2)
PARAMETRIC_REPRESENTATION_CONTEXT() REPRESENTATION_CONTEXT('2D SPACE',''
  ) );
#2586 = PCURVE('',#2587,#2592);
#2587 = PLANE('',#2588);
#2588 = AXIS2_PLACEMENT_3D('',#2589,#2590,#2591);
#2589 = CARTESIAN_POINT('',(114.80502970952,-277.1638597533,
    3.635487865889E-14));
#2590 = DIRECTION('',(0.463005331427,-0.878227207623,0.11976241005));
#2591 = DIRECTION('',(-0.884594001161,-0.466361933598,0.));
#2592 = DEFINITIONAL_REPRESENTATION('',(#2593),#2597);
#2593 = CIRCLE('',#2594,1.);
#2594 = AXIS2_PLACEMENT_2D('',#2595,#2596);
#2595 = CARTESIAN_POINT('',(0.,-6.690341605478E-15));
#2596 = DIRECTION('',(1.,-7.716125412761E-16));
#2597 = ( GEOMETRIC_REPRESENTATION_CONTEXT(2)
PARAMETRIC_REPRESENTATION_CONTEXT() REPRESENTATION_CONTEXT('2D SPACE',''
  ) );
#2598 = ORIENTED_EDGE('',*,*,#2543,.F.);
#2599 = ORIENTED_EDGE('',*,*,#2600,.T.);
#2600 = EDGE_CURVE('',#2544,#2544,#2601,.T.);
#2601 = SURFACE_CURVE('',#2602,(#2607,#2614),.PCURVE_S1.);
#2602 = CIRCLE('',#2603,1.);
#2603 = AXIS2_PLACEMENT_3D('',#2604,#2605,#2606);
#2604 = CARTESIAN_POINT('',(-20.50609665441,-20.50609665441,-35.));
#2605 = DIRECTION('',(0.463005331427,-0.878227207623,0.11976241005));
#2606 = DIRECTION('',(-0.884594001161,-0.466361933598,
    -1.942890293094E-16));
#2607 = PCURVE('',#2554,#2608);
#2608 = DEFINITIONAL_REPRESENTATION('',(#2609),#2613);
#2609 = LINE('',#2610,#2611);
#2610 = CARTESIAN_POINT('',(0.,0.));
#2611 = VECTOR('',#2612,1.);
#2612 = DIRECTION('',(1.,0.));
#2613 = ( GEOMETRIC_REPRESENTATION_CONTEXT(2)
PARAMETRIC_REPRESENTATION_CONTEXT() REPRESENTATION_CONTEXT('2D SPACE',''
  ) );
#2614 = PCURVE('',#2615,#2620);
#2615 = PLANE('',#2616);
#2616 = AXIS2_PLACEMENT_3D('',#2617,#2618,#2619);
#2617 = CARTESIAN_POINT('',(-20.50609665441,-20.50609665441,-35.));
#2618 = DIRECTION('',(0.463005331427,-0.878227207623,0.11976241005));
#2619 = DIRECTION('',(-0.884594001161,-0.466361933598,0.));
#2620 = DEFINITIONAL_REPRESENTATION('',(#2621),#2625);
#2621 = CIRCLE('',#2622,1.);
#2622 = AXIS2_PLACEMENT_2D('',#2623,#2624);
#2623 = CARTESIAN_POINT('',(-3.14270920811E-15,1.984283994836E-16));
#2624 = DIRECTION('',(1.,1.722237944532E-16));
#2625 = ( GEOMETRIC_REPRESENTATION_CONTEXT(2)
PARAMETRIC_REPRESENTATION_CONTEXT() REPRESENTATION_CONTEXT('2D SPACE',''
  ) );
#2626 = ADVANCED_FACE('',(#2627),#2615,.F.);
#2627 = FACE_BOUND('',#2628,.F.);
#2628 = EDGE_LOOP('',(#2629));
#2629 = ORIENTED_EDGE('',*,*,#2600,.T.);
#2630 = ADVANCED_FACE('',(#2631),#2587,.T.);
#2631 = FACE_BOUND('',#2632,.T.);
#2632 = EDGE_LOOP('',(#2633));
#2633 = ORIENTED_EDGE('',*,*,#2572,.T.);
#2634 = MANIFOLD_SOLID_BREP('',#2635);
#2635 = CLOSED_SHELL('',(#2636,#2723,#2727));
#2636 = ADVANCED_FACE('',(#2637),#2651,.T.);
#2637 = FACE_BOUND('',#2638,.T.);
#2638 = EDGE_LOOP('',(#2639,#2668,#2695,#2696));
#2639 = ORIENTED_EDGE('',*,*,#2640,.T.);
#2640 = EDGE_CURVE('',#2641,#2643,#2645,.T.);
#2641 = VERTEX_POINT('',#2642);
#2642 = CARTESIAN_POINT('',(-21.28027452196,-21.13906476528,20.));
#2643 = VERTEX_POINT('',#2644);
#2644 = CARTESIAN_POINT('',(165.89689203832,-250.0738518016,
    -2.806643806252E-13));
#2645 = SEAM_CURVE('',#2646,(#2650,#2661),.PCURVE_S1.);
#2646 = LINE('',#2647,#2648);
#2647 = CARTESIAN_POINT('',(-21.28027452196,-21.13906476528,20.));
#2648 = VECTOR('',#2649,1.);
#2649 = DIRECTION('',(0.631525387914,-0.772413285482,-6.747889173871E-02
    ));
#2650 = PCURVE('',#2651,#2656);
#2651 = CYLINDRICAL_SURFACE('',#2652,1.);
#2652 = AXIS2_PLACEMENT_3D('',#2653,#2654,#2655);
#2653 = CARTESIAN_POINT('',(-20.50609665441,-20.50609665441,20.));
#2654 = DIRECTION('',(0.631525387914,-0.772413285482,-6.747889173871E-02
    ));
#2655 = DIRECTION('',(-0.774177867559,-0.632968110873,9.71445146547E-17)
  );
#2656 = DEFINITIONAL_REPRESENTATION('',(#2657),#2660);
#2657 = B_SPLINE_CURVE_WITH_KNOTS('',1,(#2658,#2659),.UNSPECIFIED.,.F.,
  .F.,(2,2),(0.,296.38898157137),.PIECEWISE_BEZIER_KNOTS.);
#2658 = CARTESIAN_POINT('',(6.28318530718,0.));
#2659 = CARTESIAN_POINT('',(6.28318530718,296.38898157137));
#2660 = ( GEOMETRIC_REPRESENTATION_CONTEXT(2)
PARAMETRIC_REPRESENTATION_CONTEXT() REPRESENTATION_CONTEXT('2D SPACE',''
  ) );
#2661 = PCURVE('',#2651,#2662);
#2662 = DEFINITIONAL_REPRESENTATION('',(#2663),#2667);
#2663 = LINE('',#2664,#2665);
#2664 = CARTESIAN_POINT('',(0.,0.));
#2665 = VECTOR('',#2666,1.);
#2666 = DIRECTION('',(0.,1.));
#2667 = ( GEOMETRIC_REPRESENTATION_CONTEXT(2)
PARAMETRIC_REPRESENTATION_CONTEXT() REPRESENTATION_CONTEXT('2D SPACE',''
  ) );
#2668 = ORIENTED_EDGE('',*,*,#2669,.F.);
#2669 = EDGE_CURVE('',#2643,#2643,#2670,.T.);
#2670 = SURFACE_CURVE('',#2671,(#2676,#2683),.PCURVE_S1.);
#2671 = CIRCLE('',#2672,1.);
#2672 = AXIS2_PLACEMENT_3D('',#2673,#2674,#2675);
#2673 = CARTESIAN_POINT('',(166.67106990588,-249.4408836907,
    -2.806643806252E-13));
#2674 = DIRECTION('',(0.631525387914,-0.772413285482,-6.747889173871E-02
    ));
#2675 = DIRECTION('',(-0.774177867559,-0.632968110873,1.040834085586E-16
    ));
#2676 = PCURVE('',#2651,#2677);
#2677 = DEFINITIONAL_REPRESENTATION('',(#2678),#2682);
#2678 = LINE('',#2679,#2680);
#2679 = CARTESIAN_POINT('',(0.,296.38898157137));
#2680 = VECTOR('',#2681,1.);
#2681 = DIRECTION('',(1.,0.));
#2682 = ( GEOMETRIC_REPRESENTATION_CONTEXT(2)
PARAMETRIC_REPRESENTATION_CONTEXT() REPRESENTATION_CONTEXT('2D SPACE',''
  ) );
#2683 = PCURVE('',#2684,#2689);
#2684 = PLANE('',#2685);
#2685 = AXIS2_PLACEMENT_3D('',#2686,#2687,#2688);
#2686 = CARTESIAN_POINT('',(166.67106990588,-249.4408836907,
    -2.799533286269E-13));
#2687 = DIRECTION('',(0.631525387914,-0.772413285482,-6.747889173871E-02
    ));
#2688 = DIRECTION('',(-0.774177867559,-0.632968110873,6.938893903907E-18
    ));
#2689 = DEFINITIONAL_REPRESENTATION('',(#2690),#2694);
#2690 = CIRCLE('',#2691,1.);
#2691 = AXIS2_PLACEMENT_2D('',#2692,#2693);
#2692 = CARTESIAN_POINT('',(-3.999349412515E-14,1.246610444016E-15));
#2693 = DIRECTION('',(1.,-5.261223037431E-16));
#2694 = ( GEOMETRIC_REPRESENTATION_CONTEXT(2)
PARAMETRIC_REPRESENTATION_CONTEXT() REPRESENTATION_CONTEXT('2D SPACE',''
  ) );
#2695 = ORIENTED_EDGE('',*,*,#2640,.F.);
#2696 = ORIENTED_EDGE('',*,*,#2697,.T.);
#2697 = EDGE_CURVE('',#2641,#2641,#2698,.T.);
#2698 = SURFACE_CURVE('',#2699,(#2704,#2711),.PCURVE_S1.);
#2699 = CIRCLE('',#2700,1.);
#2700 = AXIS2_PLACEMENT_3D('',#2701,#2702,#2703);
#2701 = CARTESIAN_POINT('',(-20.50609665441,-20.50609665441,20.));
#2702 = DIRECTION('',(0.631525387914,-0.772413285482,-6.747889173871E-02
    ));
#2703 = DIRECTION('',(-0.774177867559,-0.632968110873,1.040834085586E-16
    ));
#2704 = PCURVE('',#2651,#2705);
#2705 = DEFINITIONAL_REPRESENTATION('',(#2706),#2710);
#2706 = LINE('',#2707,#2708);
#2707 = CARTESIAN_POINT('',(0.,0.));
#2708 = VECTOR('',#2709,1.);
#2709 = DIRECTION('',(1.,0.));
#2710 = ( GEOMETRIC_REPRESENTATION_CONTEXT(2)
PARAMETRIC_REPRESENTATION_CONTEXT() REPRESENTATION_CONTEXT('2D SPACE',''
  ) );
#2711 = PCURVE('',#2712,#2717);
#2712 = PLANE('',#2713);
#2713 = AXIS2_PLACEMENT_3D('',#2714,#2715,#2716);
#2714 = CARTESIAN_POINT('',(-20.50609665441,-20.50609665441,20.));
#2715 = DIRECTION('',(0.631525387914,-0.772413285482,-6.747889173871E-02
    ));
#2716 = DIRECTION('',(-0.774177867559,-0.632968110873,6.938893903907E-18
    ));
#2717 = DEFINITIONAL_REPRESENTATION('',(#2718),#2722);
#2718 = CIRCLE('',#2719,1.);
#2719 = AXIS2_PLACEMENT_2D('',#2720,#2721);
#2720 = CARTESIAN_POINT('',(2.465190328816E-32,-3.544615985565E-15));
#2721 = DIRECTION('',(1.,-5.535299316025E-17));
#2722 = ( GEOMETRIC_REPRESENTATION_CONTEXT(2)
PARAMETRIC_REPRESENTATION_CONTEXT() REPRESENTATION_CONTEXT('2D SPACE',''
  ) );
#2723 = ADVANCED_FACE('',(#2724),#2712,.F.);
#2724 = FACE_BOUND('',#2725,.F.);
#2725 = EDGE_LOOP('',(#2726));
#2726 = ORIENTED_EDGE('',*,*,#2697,.T.);
#2727 = ADVANCED_FACE('',(#2728),#2684,.T.);
#2728 = FACE_BOUND('',#2729,.T.);
#2729 = EDGE_LOOP('',(#2730));
#2730 = ORIENTED_EDGE('',*,*,#2669,.T.);
#2731 = MANIFOLD_SOLID_BREP('',#2732);
#2732 = CLOSED_SHELL('',(#2733,#2820,#2824));
#2733 = ADVANCED_FACE('',(#2734),#2748,.T.);
#2734 = FACE_BOUND('',#2735,.T.);
#2735 = EDGE_LOOP('',(#2736,#2765,#2792,#2793));
#2736 = ORIENTED_EDGE('',*,*,#2737,.T.);
#2737 = EDGE_CURVE('',#2738,#2740,#2742,.T.);
#2738 = VERTEX_POINT('',#2739);
#2739 = CARTESIAN_POINT('',(26.023124729019,10.459030231806,-35.));
#2740 = VERTEX_POINT('',#2741);
#2741 = CARTESIAN_POINT('',(211.36265264215,-212.7708236627,
    7.105427357601E-15));
#2742 = SEAM_CURVE('',#2743,(#2747,#2758),.PCURVE_S1.);
#2743 = LINE('',#2744,#2745);
#2744 = CARTESIAN_POINT('',(26.023124729019,10.459030231806,-35.));
#2745 = VECTOR('',#2746,1.);
#2746 = DIRECTION('',(0.634191672584,-0.763844151358,0.11976241005));
#2747 = PCURVE('',#2748,#2753);
#2748 = CYLINDRICAL_SURFACE('',#2749,1.);
#2749 = AXIS2_PLACEMENT_3D('',#2750,#2751,#2752);
#2750 = CARTESIAN_POINT('',(26.792506442827,11.097819538588,-35.));
#2751 = DIRECTION('',(0.634191672584,-0.763844151358,0.11976241005));
#2752 = DIRECTION('',(-0.769381713808,-0.638789306781,1.040834085586E-16
    ));
#2753 = DEFINITIONAL_REPRESENTATION('',(#2754),#2757);
#2754 = B_SPLINE_CURVE_WITH_KNOTS('',1,(#2755,#2756),.UNSPECIFIED.,.F.,
  .F.,(2,2),(0.,292.24528786081),.PIECEWISE_BEZIER_KNOTS.);
#2755 = CARTESIAN_POINT('',(6.28318530718,0.));
#2756 = CARTESIAN_POINT('',(6.28318530718,292.24528786081));
#2757 = ( GEOMETRIC_REPRESENTATION_CONTEXT(2)
PARAMETRIC_REPRESENTATION_CONTEXT() REPRESENTATION_CONTEXT('2D SPACE',''
  ) );
#2758 = PCURVE('',#2748,#2759);
#2759 = DEFINITIONAL_REPRESENTATION('',(#2760),#2764);
#2760 = LINE('',#2761,#2762);
#2761 = CARTESIAN_POINT('',(0.,0.));
#2762 = VECTOR('',#2763,1.);
#2763 = DIRECTION('',(0.,1.));
#2764 = ( GEOMETRIC_REPRESENTATION_CONTEXT(2)
PARAMETRIC_REPRESENTATION_CONTEXT() REPRESENTATION_CONTEXT('2D SPACE',''
  ) );
#2765 = ORIENTED_EDGE('',*,*,#2766,.F.);
#2766 = EDGE_CURVE('',#2740,#2740,#2767,.T.);
#2767 = SURFACE_CURVE('',#2768,(#2773,#2780),.PCURVE_S1.);
#2768 = CIRCLE('',#2769,1.);
#2769 = AXIS2_PLACEMENT_3D('',#2770,#2771,#2772);
#2770 = CARTESIAN_POINT('',(212.13203435596,-212.1320343559,
    7.105427357601E-15));
#2771 = DIRECTION('',(0.634191672584,-0.763844151358,0.11976241005));
#2772 = DIRECTION('',(-0.769381713808,-0.638789306781,9.020562075079E-17
    ));
#2773 = PCURVE('',#2748,#2774);
#2774 = DEFINITIONAL_REPRESENTATION('',(#2775),#2779);
#2775 = LINE('',#2776,#2777);
#2776 = CARTESIAN_POINT('',(0.,292.24528786081));
#2777 = VECTOR('',#2778,1.);
#2778 = DIRECTION('',(1.,0.));
#2779 = ( GEOMETRIC_REPRESENTATION_CONTEXT(2)
PARAMETRIC_REPRESENTATION_CONTEXT() REPRESENTATION_CONTEXT('2D SPACE',''
  ) );
#2780 = PCURVE('',#2781,#2786);
#2781 = PLANE('',#2782);
#2782 = AXIS2_PLACEMENT_3D('',#2783,#2784,#2785);
#2783 = CARTESIAN_POINT('',(212.13203435596,-212.1320343559,
    6.282235401904E-15));
#2784 = DIRECTION('',(0.634191672584,-0.763844151358,0.11976241005));
#2785 = DIRECTION('',(-0.769381713808,-0.638789306781,0.));
#2786 = DEFINITIONAL_REPRESENTATION('',(#2787),#2791);
#2787 = CIRCLE('',#2788,1.);
#2788 = AXIS2_PLACEMENT_2D('',#2789,#2790);
#2789 = CARTESIAN_POINT('',(0.,-8.055450079151E-16));
#2790 = DIRECTION('',(1.,2.411133122345E-16));
#2791 = ( GEOMETRIC_REPRESENTATION_CONTEXT(2)
PARAMETRIC_REPRESENTATION_CONTEXT() REPRESENTATION_CONTEXT('2D SPACE',''
  ) );
#2792 = ORIENTED_EDGE('',*,*,#2737,.F.);
#2793 = ORIENTED_EDGE('',*,*,#2794,.T.);
#2794 = EDGE_CURVE('',#2738,#2738,#2795,.T.);
#2795 = SURFACE_CURVE('',#2796,(#2801,#2808),.PCURVE_S1.);
#2796 = CIRCLE('',#2797,1.);
#2797 = AXIS2_PLACEMENT_3D('',#2798,#2799,#2800);
#2798 = CARTESIAN_POINT('',(26.792506442827,11.097819538588,-35.));
#2799 = DIRECTION('',(0.634191672584,-0.763844151358,0.11976241005));
#2800 = DIRECTION('',(-0.769381713808,-0.638789306781,9.020562075079E-17
    ));
#2801 = PCURVE('',#2748,#2802);
#2802 = DEFINITIONAL_REPRESENTATION('',(#2803),#2807);
#2803 = LINE('',#2804,#2805);
#2804 = CARTESIAN_POINT('',(0.,0.));
#2805 = VECTOR('',#2806,1.);
#2806 = DIRECTION('',(1.,0.));
#2807 = ( GEOMETRIC_REPRESENTATION_CONTEXT(2)
PARAMETRIC_REPRESENTATION_CONTEXT() REPRESENTATION_CONTEXT('2D SPACE',''
  ) );
#2808 = PCURVE('',#2809,#2814);
#2809 = PLANE('',#2810);
#2810 = AXIS2_PLACEMENT_3D('',#2811,#2812,#2813);
#2811 = CARTESIAN_POINT('',(26.792506442827,11.097819538588,-35.));
#2812 = DIRECTION('',(0.634191672584,-0.763844151358,0.11976241005));
#2813 = DIRECTION('',(-0.769381713808,-0.638789306781,0.));
#2814 = DEFINITIONAL_REPRESENTATION('',(#2815),#2819);
#2815 = CIRCLE('',#2816,1.);
#2816 = AXIS2_PLACEMENT_2D('',#2817,#2818);
#2817 = CARTESIAN_POINT('',(0.,0.));
#2818 = DIRECTION('',(1.,-1.51506996993E-16));
#2819 = ( GEOMETRIC_REPRESENTATION_CONTEXT(2)
PARAMETRIC_REPRESENTATION_CONTEXT() REPRESENTATION_CONTEXT('2D SPACE',''
  ) );
#2820 = ADVANCED_FACE('',(#2821),#2809,.F.);
#2821 = FACE_BOUND('',#2822,.F.);
#2822 = EDGE_LOOP('',(#2823));
#2823 = ORIENTED_EDGE('',*,*,#2794,.T.);
#2824 = ADVANCED_FACE('',(#2825),#2781,.T.);
#2825 = FACE_BOUND('',#2826,.T.);
#2826 = EDGE_LOOP('',(#2827));
#2827 = ORIENTED_EDGE('',*,*,#2766,.T.);
#2828 = MANIFOLD_SOLID_BREP('',#2829);
#2829 = CLOSED_SHELL('',(#2830,#2917,#2921));
#2830 = ADVANCED_FACE('',(#2831),#2845,.T.);
#2831 = FACE_BOUND('',#2832,.T.);
#2832 = EDGE_LOOP('',(#2833,#2862,#2889,#2890));
#2833 = ORIENTED_EDGE('',*,*,#2834,.T.);
#2834 = EDGE_CURVE('',#2835,#2837,#2839,.T.);
#2835 = VERTEX_POINT('',#2836);
#2836 = CARTESIAN_POINT('',(27.41645254675,11.879286914362,20.));
#2837 = VERTEX_POINT('',#2838);
#2838 = CARTESIAN_POINT('',(250.06482979468,-165.8896025301,
    3.872457909893E-13));
#2839 = SEAM_CURVE('',#2840,(#2844,#2855),.PCURVE_S1.);
#2840 = LINE('',#2841,#2842);
#2841 = CARTESIAN_POINT('',(27.41645254675,11.879286914362,20.));
#2842 = VECTOR('',#2843,1.);
#2843 = DIRECTION('',(0.779549051384,-0.622414458372,-7.002512760434E-02
    ));
#2844 = PCURVE('',#2845,#2850);
#2845 = CYLINDRICAL_SURFACE('',#2846,1.);
#2846 = AXIS2_PLACEMENT_3D('',#2847,#2848,#2849);
#2847 = CARTESIAN_POINT('',(26.792506442827,11.097819538588,20.));
#2848 = DIRECTION('',(0.779549051384,-0.622414458372,-7.002512760434E-02
    ));
#2849 = DIRECTION('',(0.623946103923,0.781467375775,3.469446951954E-17)
  );
#2850 = DEFINITIONAL_REPRESENTATION('',(#2851),#2854);
#2851 = B_SPLINE_CURVE_WITH_KNOTS('',1,(#2852,#2853),.UNSPECIFIED.,.F.,
  .F.,(2,2),(0.,285.61176086684),.PIECEWISE_BEZIER_KNOTS.);
#2852 = CARTESIAN_POINT('',(6.28318530718,0.));
#2853 = CARTESIAN_POINT('',(6.28318530718,285.61176086684));
#2854 = ( GEOMETRIC_REPRESENTATION_CONTEXT(2)
PARAMETRIC_REPRESENTATION_CONTEXT() REPRESENTATION_CONTEXT('2D SPACE',''
  ) );
#2855 = PCURVE('',#2845,#2856);
#2856 = DEFINITIONAL_REPRESENTATION('',(#2857),#2861);
#2857 = LINE('',#2858,#2859);
#2858 = CARTESIAN_POINT('',(0.,0.));
#2859 = VECTOR('',#2860,1.);
#2860 = DIRECTION('',(0.,1.));
#2861 = ( GEOMETRIC_REPRESENTATION_CONTEXT(2)
PARAMETRIC_REPRESENTATION_CONTEXT() REPRESENTATION_CONTEXT('2D SPACE',''
  ) );
#2862 = ORIENTED_EDGE('',*,*,#2863,.F.);
#2863 = EDGE_CURVE('',#2837,#2837,#2864,.T.);
#2864 = SURFACE_CURVE('',#2865,(#2870,#2877),.PCURVE_S1.);
#2865 = CIRCLE('',#2866,1.);
#2866 = AXIS2_PLACEMENT_3D('',#2867,#2868,#2869);
#2867 = CARTESIAN_POINT('',(249.44088369076,-166.6710699058,
    3.872457909893E-13));
#2868 = DIRECTION('',(0.779549051384,-0.622414458372,-7.002512760434E-02
    ));
#2869 = DIRECTION('',(0.623946103923,0.781467375775,4.857225732735E-17)
  );
#2870 = PCURVE('',#2845,#2871);
#2871 = DEFINITIONAL_REPRESENTATION('',(#2872),#2876);
#2872 = LINE('',#2873,#2874);
#2873 = CARTESIAN_POINT('',(0.,285.61176086684));
#2874 = VECTOR('',#2875,1.);
#2875 = DIRECTION('',(1.,0.));
#2876 = ( GEOMETRIC_REPRESENTATION_CONTEXT(2)
PARAMETRIC_REPRESENTATION_CONTEXT() REPRESENTATION_CONTEXT('2D SPACE',''
  ) );
#2877 = PCURVE('',#2878,#2883);
#2878 = PLANE('',#2879);
#2879 = AXIS2_PLACEMENT_3D('',#2880,#2881,#2882);
#2880 = CARTESIAN_POINT('',(249.44088369076,-166.6710699058,
    3.865832229059E-13));
#2881 = DIRECTION('',(0.779549051384,-0.622414458372,-7.002512760432E-02
    ));
#2882 = DIRECTION('',(0.623946103923,0.781467375775,0.));
#2883 = DEFINITIONAL_REPRESENTATION('',(#2884),#2888);
#2884 = CIRCLE('',#2885,1.);
#2885 = AXIS2_PLACEMENT_2D('',#2886,#2887);
#2886 = CARTESIAN_POINT('',(-2.22106386836E-14,3.13520879523E-15));
#2887 = DIRECTION('',(1.,-2.353602904054E-16));
#2888 = ( GEOMETRIC_REPRESENTATION_CONTEXT(2)
PARAMETRIC_REPRESENTATION_CONTEXT() REPRESENTATION_CONTEXT('2D SPACE',''
  ) );
#2889 = ORIENTED_EDGE('',*,*,#2834,.F.);
#2890 = ORIENTED_EDGE('',*,*,#2891,.T.);
#2891 = EDGE_CURVE('',#2835,#2835,#2892,.T.);
#2892 = SURFACE_CURVE('',#2893,(#2898,#2905),.PCURVE_S1.);
#2893 = CIRCLE('',#2894,1.);
#2894 = AXIS2_PLACEMENT_3D('',#2895,#2896,#2897);
#2895 = CARTESIAN_POINT('',(26.792506442827,11.097819538588,20.));
#2896 = DIRECTION('',(0.779549051384,-0.622414458372,-7.002512760434E-02
    ));
#2897 = DIRECTION('',(0.623946103923,0.781467375775,4.857225732735E-17)
  );
#2898 = PCURVE('',#2845,#2899);
#2899 = DEFINITIONAL_REPRESENTATION('',(#2900),#2904);
#2900 = LINE('',#2901,#2902);
#2901 = CARTESIAN_POINT('',(0.,0.));
#2902 = VECTOR('',#2903,1.);
#2903 = DIRECTION('',(1.,0.));
#2904 = ( GEOMETRIC_REPRESENTATION_CONTEXT(2)
PARAMETRIC_REPRESENTATION_CONTEXT() REPRESENTATION_CONTEXT('2D SPACE',''
  ) );
#2905 = PCURVE('',#2906,#2911);
#2906 = PLANE('',#2907);
#2907 = AXIS2_PLACEMENT_3D('',#2908,#2909,#2910);
#2908 = CARTESIAN_POINT('',(26.792506442827,11.097819538588,20.));
#2909 = DIRECTION('',(0.779549051384,-0.622414458372,-7.002512760434E-02
    ));
#2910 = DIRECTION('',(0.623946103923,0.781467375775,0.));
#2911 = DEFINITIONAL_REPRESENTATION('',(#2912),#2916);
#2912 = CIRCLE('',#2913,1.);
#2913 = AXIS2_PLACEMENT_2D('',#2914,#2915);
#2914 = CARTESIAN_POINT('',(6.381196611415E-15,3.505568181296E-15));
#2915 = DIRECTION('',(1.,6.904827096181E-18));
#2916 = ( GEOMETRIC_REPRESENTATION_CONTEXT(2)
PARAMETRIC_REPRESENTATION_CONTEXT() REPRESENTATION_CONTEXT('2D SPACE',''
  ) );
#2917 = ADVANCED_FACE('',(#2918),#2906,.F.);
#2918 = FACE_BOUND('',#2919,.F.);
#2919 = EDGE_LOOP('',(#2920));
#2920 = ORIENTED_EDGE('',*,*,#2891,.T.);
#2921 = ADVANCED_FACE('',(#2922),#2878,.T.);
#2922 = FACE_BOUND('',#2923,.T.);
#2923 = EDGE_LOOP('',(#2924));
#2924 = ORIENTED_EDGE('',*,*,#2863,.T.);
#2925 = MANIFOLD_SOLID_BREP('',#2926);
#2926 = CLOSED_SHELL('',(#2927,#3014,#3018));
#2927 = ADVANCED_FACE('',(#2928),#2942,.T.);
#2928 = FACE_BOUND('',#2929,.T.);
#2929 = EDGE_LOOP('',(#2930,#2959,#2986,#2987));
#2930 = ORIENTED_EDGE('',*,*,#2931,.T.);
#2931 = EDGE_CURVE('',#2932,#2934,#2936,.T.);
#2932 = VERTEX_POINT('',#2933);
#2933 = CARTESIAN_POINT('',(0.295734731083,-28.04472989744,-35.));
#2934 = VERTEX_POINT('',#2935);
#2935 = CARTESIAN_POINT('',(277.45959448446,-113.8497596069,
    7.105427357601E-15));
#2936 = SEAM_CURVE('',#2937,(#2941,#2952),.PCURVE_S1.);
#2937 = LINE('',#2938,#2939);
#2938 = CARTESIAN_POINT('',(0.295734731083,-28.04472989744,-35.));
#2939 = VECTOR('',#2940,1.);
#2940 = DIRECTION('',(0.94839462351,-0.293606204355,0.11976241005));
#2941 = PCURVE('',#2942,#2947);
#2942 = CYLINDRICAL_SURFACE('',#2943,1.);
#2943 = AXIS2_PLACEMENT_3D('',#2944,#2945,#2946);
#2944 = CARTESIAN_POINT('',(-5.327213576291E-15,-29.,-35.));
#2945 = DIRECTION('',(0.94839462351,-0.293606204355,0.11976241005));
#2946 = DIRECTION('',(0.295734731083,0.955270102553,-1.040834085586E-16)
  );
#2947 = DEFINITIONAL_REPRESENTATION('',(#2948),#2951);
#2948 = B_SPLINE_CURVE_WITH_KNOTS('',1,(#2949,#2950),.UNSPECIFIED.,.F.,
  .F.,(2,2),(0.,292.2452878608),.PIECEWISE_BEZIER_KNOTS.);
#2949 = CARTESIAN_POINT('',(6.28318530718,0.));
#2950 = CARTESIAN_POINT('',(6.28318530718,292.2452878608));
#2951 = ( GEOMETRIC_REPRESENTATION_CONTEXT(2)
PARAMETRIC_REPRESENTATION_CONTEXT() REPRESENTATION_CONTEXT('2D SPACE',''
  ) );
#2952 = PCURVE('',#2942,#2953);
#2953 = DEFINITIONAL_REPRESENTATION('',(#2954),#2958);
#2954 = LINE('',#2955,#2956);
#2955 = CARTESIAN_POINT('',(0.,0.));
#2956 = VECTOR('',#2957,1.);
#2957 = DIRECTION('',(0.,1.));
#2958 = ( GEOMETRIC_REPRESENTATION_CONTEXT(2)
PARAMETRIC_REPRESENTATION_CONTEXT() REPRESENTATION_CONTEXT('2D SPACE',''
  ) );
#2959 = ORIENTED_EDGE('',*,*,#2960,.F.);
#2960 = EDGE_CURVE('',#2934,#2934,#2961,.T.);
#2961 = SURFACE_CURVE('',#2962,(#2967,#2974),.PCURVE_S1.);
#2962 = CIRCLE('',#2963,1.);
#2963 = AXIS2_PLACEMENT_3D('',#2964,#2965,#2966);
#2964 = CARTESIAN_POINT('',(277.16385975338,-114.8050297095,
    7.105427357601E-15));
#2965 = DIRECTION('',(0.94839462351,-0.293606204355,0.11976241005));
#2966 = DIRECTION('',(0.295734731083,0.955270102553,-1.110223024625E-16)
  );
#2967 = PCURVE('',#2942,#2968);
#2968 = DEFINITIONAL_REPRESENTATION('',(#2969),#2973);
#2969 = LINE('',#2970,#2971);
#2970 = CARTESIAN_POINT('',(0.,292.2452878608));
#2971 = VECTOR('',#2972,1.);
#2972 = DIRECTION('',(1.,0.));
#2973 = ( GEOMETRIC_REPRESENTATION_CONTEXT(2)
PARAMETRIC_REPRESENTATION_CONTEXT() REPRESENTATION_CONTEXT('2D SPACE',''
  ) );
#2974 = PCURVE('',#2975,#2980);
#2975 = PLANE('',#2976);
#2976 = AXIS2_PLACEMENT_3D('',#2977,#2978,#2979);
#2977 = CARTESIAN_POINT('',(277.16385975338,-114.8050297095,
    6.509501947624E-15));
#2978 = DIRECTION('',(0.94839462351,-0.293606204355,0.11976241005));
#2979 = DIRECTION('',(0.295734731083,0.955270102553,0.));
#2980 = DEFINITIONAL_REPRESENTATION('',(#2981),#2985);
#2981 = CIRCLE('',#2982,1.);
#2982 = AXIS2_PLACEMENT_2D('',#2983,#2984);
#2983 = CARTESIAN_POINT('',(1.357520464115E-14,1.582568687637E-15));
#2984 = DIRECTION('',(1.,1.7568325298E-15));
#2985 = ( GEOMETRIC_REPRESENTATION_CONTEXT(2)
PARAMETRIC_REPRESENTATION_CONTEXT() REPRESENTATION_CONTEXT('2D SPACE',''
  ) );
#2986 = ORIENTED_EDGE('',*,*,#2931,.F.);
#2987 = ORIENTED_EDGE('',*,*,#2988,.T.);
#2988 = EDGE_CURVE('',#2932,#2932,#2989,.T.);
#2989 = SURFACE_CURVE('',#2990,(#2995,#3002),.PCURVE_S1.);
#2990 = CIRCLE('',#2991,1.);
#2991 = AXIS2_PLACEMENT_3D('',#2992,#2993,#2994);
#2992 = CARTESIAN_POINT('',(-5.327213576291E-15,-29.,-35.));
#2993 = DIRECTION('',(0.94839462351,-0.293606204355,0.11976241005));
#2994 = DIRECTION('',(0.295734731083,0.955270102553,-1.110223024625E-16)
  );
#2995 = PCURVE('',#2942,#2996);
#2996 = DEFINITIONAL_REPRESENTATION('',(#2997),#3001);
#2997 = LINE('',#2998,#2999);
#2998 = CARTESIAN_POINT('',(0.,0.));
#2999 = VECTOR('',#3000,1.);
#3000 = DIRECTION('',(1.,0.));
#3001 = ( GEOMETRIC_REPRESENTATION_CONTEXT(2)
PARAMETRIC_REPRESENTATION_CONTEXT() REPRESENTATION_CONTEXT('2D SPACE',''
  ) );
#3002 = PCURVE('',#3003,#3008);
#3003 = PLANE('',#3004);
#3004 = AXIS2_PLACEMENT_3D('',#3005,#3006,#3007);
#3005 = CARTESIAN_POINT('',(-5.394978647909E-15,-29.,-35.));
#3006 = DIRECTION('',(0.94839462351,-0.293606204355,0.11976241005));
#3007 = DIRECTION('',(0.295734731083,0.955270102553,0.));
#3008 = DEFINITIONAL_REPRESENTATION('',(#3009),#3013);
#3009 = CIRCLE('',#3010,1.);
#3010 = AXIS2_PLACEMENT_2D('',#3011,#3012);
#3011 = CARTESIAN_POINT('',(2.406873931674E-16,-7.147396920561E-15));
#3012 = DIRECTION('',(1.,-1.446679873407E-16));
#3013 = ( GEOMETRIC_REPRESENTATION_CONTEXT(2)
PARAMETRIC_REPRESENTATION_CONTEXT() REPRESENTATION_CONTEXT('2D SPACE',''
  ) );
#3014 = ADVANCED_FACE('',(#3015),#3003,.F.);
#3015 = FACE_BOUND('',#3016,.F.);
#3016 = EDGE_LOOP('',(#3017));
#3017 = ORIENTED_EDGE('',*,*,#2988,.T.);
#3018 = ADVANCED_FACE('',(#3019),#2975,.T.);
#3019 = FACE_BOUND('',#3020,.T.);
#3020 = EDGE_LOOP('',(#3021));
#3021 = ORIENTED_EDGE('',*,*,#2960,.T.);
#3022 = MANIFOLD_SOLID_BREP('',#3023);
#3023 = CLOSED_SHELL('',(#3024,#3111,#3115));
#3024 = ADVANCED_FACE('',(#3025),#3039,.T.);
#3025 = FACE_BOUND('',#3026,.T.);
#3026 = EDGE_LOOP('',(#3027,#3056,#3083,#3084));
#3027 = ORIENTED_EDGE('',*,*,#3028,.T.);
#3028 = EDGE_CURVE('',#3029,#3031,#3033,.T.);
#3029 = VERTEX_POINT('',#3030);
#3030 = CARTESIAN_POINT('',(9.98503765228E-02,-28.00499753653,20.));
#3031 = VERTEX_POINT('',#3032);
#3032 = CARTESIAN_POINT('',(294.33543449749,-57.53209414137,
    -2.629008122312E-13));
#3033 = SEAM_CURVE('',#3034,(#3038,#3049),.PCURVE_S1.);
#3034 = LINE('',#3035,#3036);
#3035 = CARTESIAN_POINT('',(9.98503765228E-02,-28.00499753653,20.));
#3036 = VECTOR('',#3037,1.);
#3037 = DIRECTION('',(0.992734556329,-9.962278775781E-02,
    -6.747889173871E-02));
#3038 = PCURVE('',#3039,#3044);
#3039 = CYLINDRICAL_SURFACE('',#3040,1.);
#3040 = AXIS2_PLACEMENT_3D('',#3041,#3042,#3043);
#3041 = CARTESIAN_POINT('',(-5.327213576291E-15,-29.,20.));
#3042 = DIRECTION('',(0.992734556329,-9.962278775781E-02,
    -6.747889173871E-02));
#3043 = DIRECTION('',(9.98503765228E-02,0.995002463468,
    -3.556183125752E-17));
#3044 = DEFINITIONAL_REPRESENTATION('',(#3045),#3048);
#3045 = B_SPLINE_CURVE_WITH_KNOTS('',1,(#3046,#3047),.UNSPECIFIED.,.F.,
  .F.,(2,2),(0.,296.38898157137),.PIECEWISE_BEZIER_KNOTS.);
#3046 = CARTESIAN_POINT('',(6.28318530718,0.));
#3047 = CARTESIAN_POINT('',(6.28318530718,296.38898157137));
#3048 = ( GEOMETRIC_REPRESENTATION_CONTEXT(2)
PARAMETRIC_REPRESENTATION_CONTEXT() REPRESENTATION_CONTEXT('2D SPACE',''
  ) );
#3049 = PCURVE('',#3039,#3050);
#3050 = DEFINITIONAL_REPRESENTATION('',(#3051),#3055);
#3051 = LINE('',#3052,#3053);
#3052 = CARTESIAN_POINT('',(0.,0.));
#3053 = VECTOR('',#3054,1.);
#3054 = DIRECTION('',(0.,1.));
#3055 = ( GEOMETRIC_REPRESENTATION_CONTEXT(2)
PARAMETRIC_REPRESENTATION_CONTEXT() REPRESENTATION_CONTEXT('2D SPACE',''
  ) );
#3056 = ORIENTED_EDGE('',*,*,#3057,.F.);
#3057 = EDGE_CURVE('',#3031,#3031,#3058,.T.);
#3058 = SURFACE_CURVE('',#3059,(#3064,#3071),.PCURVE_S1.);
#3059 = CIRCLE('',#3060,1.);
#3060 = AXIS2_PLACEMENT_3D('',#3061,#3062,#3063);
#3061 = CARTESIAN_POINT('',(294.23558412096,-58.52709660483,
    -2.629008122312E-13));
#3062 = DIRECTION('',(0.992734556329,-9.962278775781E-02,
    -6.747889173871E-02));
#3063 = DIRECTION('',(9.98503765228E-02,0.995002463468,
    -3.556183125752E-17));
#3064 = PCURVE('',#3039,#3065);
#3065 = DEFINITIONAL_REPRESENTATION('',(#3066),#3070);
#3066 = LINE('',#3067,#3068);
#3067 = CARTESIAN_POINT('',(0.,296.38898157137));
#3068 = VECTOR('',#3069,1.);
#3069 = DIRECTION('',(1.,0.));
#3070 = ( GEOMETRIC_REPRESENTATION_CONTEXT(2)
PARAMETRIC_REPRESENTATION_CONTEXT() REPRESENTATION_CONTEXT('2D SPACE',''
  ) );
#3071 = PCURVE('',#3072,#3077);
#3072 = PLANE('',#3073);
#3073 = AXIS2_PLACEMENT_3D('',#3074,#3075,#3076);
#3074 = CARTESIAN_POINT('',(294.23558412096,-58.52709660483,
    -2.625684137239E-13));
#3075 = DIRECTION('',(0.992734556329,-9.96227877578E-02,
    -6.747889173869E-02));
#3076 = DIRECTION('',(9.98503765228E-02,0.995002463468,0.));
#3077 = DEFINITIONAL_REPRESENTATION('',(#3078),#3082);
#3078 = CIRCLE('',#3079,1.);
#3079 = AXIS2_PLACEMENT_2D('',#3080,#3081);
#3080 = CARTESIAN_POINT('',(-1.413983544962E-14,-1.390671777665E-16));
#3081 = DIRECTION('',(1.,3.565424759373E-16));
#3082 = ( GEOMETRIC_REPRESENTATION_CONTEXT(2)
PARAMETRIC_REPRESENTATION_CONTEXT() REPRESENTATION_CONTEXT('2D SPACE',''
  ) );
#3083 = ORIENTED_EDGE('',*,*,#3028,.F.);
#3084 = ORIENTED_EDGE('',*,*,#3085,.T.);
#3085 = EDGE_CURVE('',#3029,#3029,#3086,.T.);
#3086 = SURFACE_CURVE('',#3087,(#3092,#3099),.PCURVE_S1.);
#3087 = CIRCLE('',#3088,1.);
#3088 = AXIS2_PLACEMENT_3D('',#3089,#3090,#3091);
#3089 = CARTESIAN_POINT('',(-5.327213576291E-15,-29.,20.));
#3090 = DIRECTION('',(0.992734556329,-9.962278775781E-02,
    -6.747889173871E-02));
#3091 = DIRECTION('',(9.98503765228E-02,0.995002463468,
    -3.556183125752E-17));
#3092 = PCURVE('',#3039,#3093);
#3093 = DEFINITIONAL_REPRESENTATION('',(#3094),#3098);
#3094 = LINE('',#3095,#3096);
#3095 = CARTESIAN_POINT('',(0.,0.));
#3096 = VECTOR('',#3097,1.);
#3097 = DIRECTION('',(1.,0.));
#3098 = ( GEOMETRIC_REPRESENTATION_CONTEXT(2)
PARAMETRIC_REPRESENTATION_CONTEXT() REPRESENTATION_CONTEXT('2D SPACE',''
  ) );
#3099 = PCURVE('',#3100,#3105);
#3100 = PLANE('',#3101);
#3101 = AXIS2_PLACEMENT_3D('',#3102,#3103,#3104);
#3102 = CARTESIAN_POINT('',(-5.330879891697E-15,-29.,20.));
#3103 = DIRECTION('',(0.992734556329,-9.962278775781E-02,
    -6.747889173871E-02));
#3104 = DIRECTION('',(9.98503765228E-02,0.995002463468,
    -8.673617379884E-19));
#3105 = DEFINITIONAL_REPRESENTATION('',(#3106),#3110);
#3106 = CIRCLE('',#3107,1.);
#3107 = AXIS2_PLACEMENT_2D('',#3108,#3109);
#3108 = CARTESIAN_POINT('',(-3.546273435601E-15,3.560945257742E-15));
#3109 = DIRECTION('',(1.,-3.807297558066E-17));
#3110 = ( GEOMETRIC_REPRESENTATION_CONTEXT(2)
PARAMETRIC_REPRESENTATION_CONTEXT() REPRESENTATION_CONTEXT('2D SPACE',''
  ) );
#3111 = ADVANCED_FACE('',(#3112),#3100,.F.);
#3112 = FACE_BOUND('',#3113,.F.);
#3113 = EDGE_LOOP('',(#3114));
#3114 = ORIENTED_EDGE('',*,*,#3085,.T.);
#3115 = ADVANCED_FACE('',(#3116),#3072,.T.);
#3116 = FACE_BOUND('',#3117,.T.);
#3117 = EDGE_LOOP('',(#3118));
#3118 = ORIENTED_EDGE('',*,*,#3057,.T.);
#3119 = ( GEOMETRIC_REPRESENTATION_CONTEXT(3)
GLOBAL_UNCERTAINTY_ASSIGNED_CONTEXT((#3123))
GLOBAL_UNIT_ASSIGNED_CONTEXT((#3120,#3121,#3122)) REPRESENTATION_CONTEXT
('Context #1','3D Context with UNIT and UNCERTAINTY') );
#3120 = ( LENGTH_UNIT() NAMED_UNIT(*) SI_UNIT(.MILLI.,.METRE.) );
#3121 = ( NAMED_UNIT(*) PLANE_ANGLE_UNIT() SI_UNIT($,.RADIAN.) );
#3122 = ( NAMED_UNIT(*) SI_UNIT($,.STERADIAN.) SOLID_ANGLE_UNIT() );
#3123 = UNCERTAINTY_MEASURE_WITH_UNIT(LENGTH_MEASURE(1.E-07),#3120,
  'distance_accuracy_value','confusion accuracy');
#3124 = PRODUCT_RELATED_PRODUCT_CATEGORY('part',$,(#7));
ENDSEC;
END-ISO-10303-21;
